"dat","Désignation de l'infraction","libx","Ain","Aisne","Allier","Alpes-de-Haute-Provence","Hautes-Alpes","Alpes-Maritimes","Ardèche","Ardennes","Ariège","Aube","Aude","Aveyron","Bouches-du-Rhône","Calvados","Cantal","Charente","Charente-Maritime","Cher","Corrèze","Côte-d’Or","Côtes-d'Armor","Creuse","Dordogne","Doubs","Drôme","Eure","Eure-et-Loir","Finistère","Corse du Sud","Haute Corse","Gard","Haute-Garonne","Gers","Gironde","Hérault","Ille-et-Vilaine","Indre","Indre-et-Loire","Isère","Jura","Landes","Loir-et-Cher","Loire","Haute-Loire","Loire-Atlantique","Loiret","Lot","Lot-et-Garonne","Lozère","Maine-et-Loire","Manche","Marne","Haute-Marne","Mayenne","Meurthe-et-Moselle","Meuse","Morbihan","Moselle","Nièvre","Nord","Oise","Orne","Pas-de-Calais","Puy-de-Dôme","Pyrénées-Atlantiques","Hautes-Pyrénées","Pyrénées-Orientales","Bas-Rhin","Haut-Rhin","Rhône","Haute-Saône","Saône-et-Loire","Sarthe","Savoie","Haute-Savoie","Paris","Seine-Maritime","Seine-et-Marne","Yvelines","Deux-Sèvres","Somme","Tarn","Tarn-et-Garonne","Var","Vaucluse","Vendée","Vienne","Haute-Vienne","Vosges","Yonne","Territoire-de-Belfort","Essonne","Hauts-de-Seine","Seine-St-Denis","Val-de-Marne","Val-d’Oise","Guadeloupe","Martinique","Guyane","Réunion","Saint Pierre et Miquelon","Mayotte","Wallis et Futuna","Polynésie Française","Nouvelle Calédonie","9G","9H","AC","AE","AT","CJ"
"01/01/2014","1.0","Règlements de compte entre malfaiteurs","0.0","0.0","0.0","0.0","0.0","0.0","0.0","0.0","0.0","0.0","0.0","0.0","4.0","0.0","0.0","0.0","0.0","0.0","0.0","0.0","0.0","0.0","0.0","0.0","0.0","0.0","0.0","0.0","0.0","0.0","0.0","0.0","0.0","0.0","0.0","0.0","0.0","0.0","0.0","0.0","0.0","0.0","0.0","0.0","0.0","0.0","0.0","0.0","0.0","0.0","0.0","0.0","0.0","0.0","0.0","0.0","0.0","0.0","0.0","0.0","0.0","0.0","0.0","0.0","0.0","0.0","0.0","0.0","0.0","0.0","0.0","0.0","0.0","0.0","0.0","1.0","0.0","0.0","0.0","0.0","1.0","0.0","0.0","0.0","0.0","0.0","0.0","0.0","0.0","0.0","0.0","0.0","0.0","0.0","0.0","1.0","0.0","0.0","0.0","0.0",".","0.0",".","0.0","0.0","0.0","0.0","0.0","0.0","0.0","0.0"
"01/01/2014","2.0","Homicides pour voler et à l’occasion de vols","0.0","0.0","0.0","0.0","0.0","0.0","0.0","0.0","0.0","0.0","0.0","0.0","0.0","0.0","0.0","0.0","1.0","0.0","0.0","0.0","0.0","0.0","0.0","0.0","0.0","0.0","0.0","0.0","0.0","0.0","0.0","0.0","0.0","0.0","0.0","0.0","0.0","0.0","0.0","0.0","0.0","0.0","0.0","0.0","0.0","0.0","0.0","0.0","0.0","0.0","0.0","0.0","0.0","0.0","0.0","0.0","0.0","0.0","0.0","0.0","0.0","0.0","0.0","0.0","0.0","0.0","0.0","0.0","0.0","0.0","0.0","0.0","0.0","0.0","0.0","1.0","0.0","0.0","0.0","0.0","1.0","0.0","0.0","0.0","0.0","0.0","0.0","0.0","0.0","0.0","0.0","0.0","0.0","0.0","0.0","0.0","0.0","0.0","0.0","0.0",".","0.0",".","0.0","0.0","0.0","0.0","0.0","0.0","0.0","0.0"
"01/01/2014","3.0","Homicides pour d’autres motifs que le vol","0.0","0.0","0.0","0.0","0.0","0.0","0.0","0.0","0.0","0.0","1.0","0.0","3.0","0.0","0.0","0.0","0.0","0.0","0.0","0.0","0.0","0.0","0.0","0.0","0.0","0.0","0.0","0.0","0.0","0.0","1.0","0.0","0.0","1.0","1.0","0.0","0.0","0.0","1.0","0.0","0.0","0.0","0.0","0.0","0.0","0.0","0.0","0.0","0.0","1.0","0.0","0.0","1.0","0.0","0.0","0.0","1.0","1.0","0.0","5.0","0.0","0.0","2.0","0.0","0.0","0.0","0.0","2.0","0.0","2.0","0.0","0.0","1.0","0.0","0.0","1.0","1.0","0.0","1.0","0.0","0.0","0.0","0.0","1.0","0.0","0.0","1.0","0.0","0.0","1.0","3.0","0.0","1.0","3.0","0.0","0.0","0.0","0.0","0.0","0.0",".","0.0",".","0.0","0.0","0.0","0.0","0.0","0.0","0.0","0.0"
"01/01/2014","4.0","Tentatives d’homicides pour voler et à l’occasion de vols","0.0","0.0","0.0","0.0","0.0","0.0","0.0","0.0","0.0","0.0","0.0","0.0","0.0","0.0","0.0","0.0","0.0","0.0","0.0","0.0","0.0","0.0","0.0","0.0","0.0","0.0","0.0","0.0","0.0","0.0","0.0","1.0","0.0","0.0","0.0","0.0","0.0","0.0","0.0","0.0","0.0","0.0","0.0","0.0","0.0","0.0","0.0","0.0","0.0","0.0","0.0","0.0","0.0","0.0","0.0","0.0","0.0","0.0","0.0","0.0","0.0","0.0","0.0","0.0","0.0","0.0","0.0","0.0","0.0","0.0","0.0","0.0","0.0","0.0","0.0","1.0","0.0","1.0","1.0","0.0","0.0","0.0","0.0","0.0","1.0","0.0","0.0","0.0","0.0","0.0","0.0","1.0","0.0","1.0","0.0","0.0","0.0","0.0","0.0","0.0",".","0.0",".","0.0","0.0","0.0","0.0","0.0","0.0","0.0","0.0"
"01/01/2014","5.0","Tentatives homicides pour d’autres motifs que le vol","0.0","1.0","0.0","0.0","0.0","1.0","2.0","0.0","0.0","0.0","0.0","0.0","9.0","0.0","0.0","0.0","0.0","0.0","0.0","0.0","0.0","0.0","0.0","0.0","0.0","0.0","1.0","0.0","0.0","0.0","1.0","1.0","0.0","0.0","2.0","0.0","0.0","0.0","0.0","0.0","0.0","1.0","1.0","0.0","0.0","0.0","0.0","0.0","0.0","1.0","0.0","0.0","0.0","0.0","0.0","0.0","0.0","0.0","0.0","2.0","0.0","0.0","1.0","0.0","0.0","2.0","1.0","1.0","3.0","0.0","0.0","0.0","0.0","0.0","0.0","6.0","0.0","5.0","4.0","0.0","0.0","0.0","0.0","1.0","1.0","0.0","0.0","0.0","0.0","0.0","0.0","1.0","6.0","2.0","10.0","4.0","0.0","0.0","0.0","0.0",".","0.0",".","3.0","0.0","0.0","0.0","0.0","0.0","0.0","0.0"
"01/01/2014","6.0","Coups et blessures volontaires suivis de mort","0.0","0.0","0.0","0.0","0.0","1.0","0.0","0.0","0.0","0.0","0.0","0.0","1.0","0.0","0.0","0.0","0.0","0.0","0.0","0.0","1.0","0.0","0.0","0.0","0.0","0.0","0.0","0.0","0.0","0.0","0.0","0.0","0.0","0.0","0.0","0.0","0.0","0.0","0.0","0.0","0.0","0.0","0.0","0.0","0.0","0.0","0.0","0.0","0.0","0.0","0.0","0.0","0.0","0.0","0.0","0.0","0.0","1.0","0.0","0.0","0.0","0.0","0.0","0.0","0.0","0.0","0.0","0.0","0.0","0.0","0.0","0.0","0.0","0.0","0.0","0.0","0.0","0.0","0.0","0.0","0.0","0.0","0.0","1.0","0.0","0.0","0.0","0.0","0.0","0.0","0.0","0.0","1.0","2.0","2.0","0.0","1.0","0.0","1.0","0.0",".","0.0",".","0.0","0.0","0.0","0.0","0.0","0.0","0.0","0.0"
"01/01/2014","7.0","Coups et violences volontaires non mortels sur personnes de 15 ans et plus","24.0","67.0","49.0","13.0","15.0","307.0","11.0","37.0","6.0","47.0","28.0","14.0","564.0","78.0","2.0","36.0","63.0","38.0","38.0","58.0","40.0","3.0","32.0","83.0","73.0","53.0","67.0","93.0","8.0","9.0","84.0","224.0","4.0","271.0","181.0","129.0","11.0","68.0","134.0","17.0","22.0","20.0","151.0","17.0","177.0","110.0","7.0","23.0","5.0","72.0","34.0","112.0","19.0","26.0","149.0","31.0","44.0","154.0","11.0","823.0","114.0","19.0","460.0","73.0","78.0","38.0","72.0","163.0","141.0","534.0","18.0","42.0","64.0","53.0","57.0","813.0","350.0","334.0","299.0","25.0","116.0","30.0","28.0","191.0","66.0","31.0","44.0","58.0","24.0","40.0","22.0","290.0","364.0","757.0","388.0","396.0","101.0","78.0","74.0","150.0",".","28.0",".","35.0","55.0","0.0","0.0","0.0","0.0","0.0","0.0"
"01/01/2014","8.0","Prises d’otages à l’occasion de vols","0.0","0.0","0.0","0.0","0.0","0.0","0.0","0.0","0.0","0.0","0.0","0.0","0.0","0.0","0.0","0.0","0.0","0.0","0.0","0.0","0.0","0.0","0.0","0.0","0.0","0.0","0.0","0.0","0.0","0.0","0.0","0.0","0.0","0.0","0.0","0.0","0.0","0.0","0.0","0.0","0.0","0.0","0.0","0.0","0.0","0.0","0.0","0.0","0.0","0.0","0.0","0.0","0.0","0.0","0.0","0.0","0.0","0.0","0.0","0.0","0.0","0.0","0.0","0.0","0.0","0.0","0.0","0.0","0.0","0.0","0.0","0.0","0.0","0.0","0.0","0.0","0.0","0.0","0.0","0.0","0.0","0.0","0.0","0.0","0.0","0.0","0.0","0.0","0.0","0.0","0.0","0.0","0.0","0.0","0.0","1.0","0.0","0.0","0.0","0.0",".","0.0",".","0.0","0.0","0.0","0.0","0.0","0.0","0.0","0.0"
"01/01/2014","9.0","Prises d’otages dans un autre but que le vol","0.0","0.0","0.0","0.0","0.0","0.0","0.0","0.0","0.0","0.0","0.0","0.0","1.0","0.0","0.0","0.0","0.0","0.0","0.0","0.0","0.0","0.0","0.0","0.0","0.0","0.0","0.0","0.0","0.0","0.0","0.0","0.0","0.0","0.0","0.0","0.0","0.0","0.0","0.0","0.0","0.0","0.0","0.0","0.0","0.0","0.0","0.0","0.0","0.0","0.0","0.0","0.0","0.0","0.0","1.0","0.0","0.0","0.0","0.0","0.0","0.0","0.0","0.0","0.0","0.0","0.0","0.0","0.0","0.0","0.0","0.0","0.0","0.0","0.0","0.0","0.0","0.0","0.0","0.0","0.0","0.0","0.0","0.0","0.0","0.0","0.0","0.0","0.0","0.0","0.0","0.0","0.0","0.0","0.0","0.0","0.0","0.0","0.0","0.0","0.0",".","0.0",".","0.0","0.0","0.0","0.0","0.0","0.0","0.0","0.0"
"01/01/2014","10.0","Séquestrations","0.0","2.0","1.0","0.0","0.0","4.0","0.0","0.0","0.0","1.0","0.0","1.0","10.0","2.0","0.0","1.0","1.0","0.0","1.0","1.0","2.0","0.0","0.0","1.0","2.0","1.0","1.0","0.0","1.0","1.0","1.0","4.0","0.0","1.0","4.0","1.0","0.0","2.0","1.0","1.0","0.0","0.0","2.0","0.0","4.0","5.0","0.0","0.0","0.0","0.0","3.0","1.0","0.0","1.0","0.0","0.0","0.0","0.0","0.0","7.0","2.0","0.0","2.0","0.0","2.0","0.0","2.0","4.0","0.0","3.0","0.0","2.0","2.0","0.0","0.0","14.0","3.0","5.0","9.0","0.0","3.0","1.0","0.0","0.0","1.0","1.0","0.0","0.0","0.0","3.0","0.0","6.0","1.0","12.0","6.0","1.0","0.0","0.0","0.0","1.0",".","0.0",".","0.0","0.0","0.0","0.0","0.0","0.0","0.0","0.0"
"01/01/2014","11.0","Menaces ou chantages pour extorsion de fonds","2.0","0.0","2.0","1.0","1.0","10.0","1.0","4.0","2.0","5.0","1.0","3.0","24.0","5.0","0.0","2.0","3.0","3.0","1.0","7.0","0.0","0.0","2.0","5.0","2.0","6.0","4.0","6.0","0.0","1.0","4.0","11.0","1.0","12.0","8.0","9.0","0.0","5.0","10.0","2.0","1.0","1.0","5.0","1.0","8.0","5.0","0.0","0.0","0.0","3.0","1.0","8.0","4.0","1.0","19.0","3.0","0.0","3.0","0.0","23.0","4.0","1.0","9.0","1.0","3.0","3.0","5.0","10.0","10.0","13.0","2.0","6.0","3.0","3.0","8.0","95.0","17.0","15.0","24.0","0.0","5.0","1.0","2.0","7.0","1.0","2.0","2.0","2.0","1.0","1.0","1.0","27.0","43.0","49.0","34.0","27.0","2.0","0.0","1.0","3.0",".","3.0",".","2.0","2.0","0.0","0.0","0.0","0.0","0.0","0.0"
"01/01/2014","12.0","Menaces ou chantages dans un autre but que l’extorsion de fonds","8.0","42.0","20.0","8.0","7.0","139.0","9.0","29.0","2.0","12.0","26.0","11.0","339.0","34.0","5.0","9.0","28.0","14.0","9.0","40.0","7.0","1.0","6.0","54.0","44.0","11.0","29.0","40.0","11.0","12.0","50.0","116.0","1.0","110.0","84.0","44.0","8.0","19.0","54.0","7.0","7.0","23.0","62.0","8.0","71.0","50.0","5.0","8.0","0.0","28.0","26.0","64.0","17.0","16.0","53.0","9.0","9.0","87.0","5.0","319.0","41.0","11.0","123.0","47.0","27.0","13.0","32.0","79.0","66.0","228.0","4.0","26.0","53.0","11.0","15.0","269.0","167.0","122.0","166.0","4.0","63.0","20.0","8.0","73.0","32.0","12.0","26.0","22.0","5.0","25.0","8.0","135.0","221.0","260.0","159.0","199.0","44.0","35.0","24.0","66.0",".","2.0",".","2.0","15.0","0.0","0.0","0.0","0.0","0.0","0.0"
"01/01/2014","13.0","Atteintes à la dignité et à la personnalité","6.0","15.0","9.0","0.0","2.0","71.0","1.0","7.0","2.0","12.0","4.0","7.0","100.0","18.0","1.0","9.0","6.0","9.0","8.0","23.0","8.0","0.0","3.0","10.0","9.0","17.0","8.0","12.0","3.0","4.0","13.0","44.0","0.0","46.0","25.0","10.0","0.0","4.0","20.0","4.0","3.0","10.0","18.0","2.0","38.0","12.0","2.0","1.0","1.0","16.0","5.0","27.0","6.0","10.0","22.0","6.0","2.0","33.0","1.0","113.0","15.0","6.0","49.0","18.0","16.0","2.0","10.0","29.0","25.0","93.0","4.0","19.0","12.0","12.0","3.0","132.0","73.0","37.0","33.0","1.0","23.0","7.0","1.0","24.0","3.0","6.0","10.0","6.0","3.0","12.0","7.0","22.0","60.0","42.0","39.0","36.0","6.0","3.0","3.0","5.0",".","3.0",".","1.0","1.0","0.0","0.0","0.0","0.0","0.0","0.0"
"01/01/2014","14.0","Violations de domicile","0.0","3.0","0.0","0.0","0.0","15.0","0.0","2.0","0.0","2.0","2.0","0.0","12.0","2.0","0.0","2.0","1.0","1.0","1.0","2.0","4.0","0.0","0.0","5.0","3.0","3.0","1.0","4.0","0.0","1.0","3.0","8.0","0.0","12.0","5.0","3.0","0.0","1.0","1.0","0.0","1.0","4.0","4.0","0.0","3.0","2.0","0.0","2.0","0.0","4.0","1.0","6.0","1.0","0.0","2.0","2.0","2.0","6.0","0.0","26.0","1.0","1.0","14.0","3.0","6.0","1.0","2.0","6.0","1.0","21.0","0.0","2.0","0.0","2.0","3.0","36.0","12.0","9.0","8.0","1.0","3.0","0.0","0.0","11.0","1.0","2.0","0.0","2.0","3.0","2.0","0.0","4.0","12.0","27.0","15.0","11.0","4.0","2.0","6.0","5.0",".","0.0",".","0.0","0.0","0.0","0.0","0.0","0.0","0.0","0.0"
"01/01/2014","15.0","Vols à main armée contre des établissements financiers","0.0","1.0","0.0","0.0","0.0","0.0","0.0","0.0","0.0","0.0","0.0","0.0","0.0","1.0","0.0","1.0","0.0","0.0","0.0","0.0","0.0","0.0","0.0","0.0","0.0","0.0","0.0","0.0","0.0","0.0","0.0","0.0","0.0","1.0","1.0","0.0","0.0","0.0","0.0","1.0","0.0","0.0","0.0","0.0","0.0","0.0","0.0","0.0","0.0","0.0","0.0","0.0","0.0","0.0","1.0","0.0","0.0","0.0","0.0","2.0","0.0","0.0","0.0","0.0","0.0","0.0","0.0","0.0","1.0","0.0","0.0","0.0","0.0","0.0","0.0","0.0","1.0","0.0","0.0","0.0","0.0","0.0","0.0","0.0","0.0","0.0","0.0","0.0","0.0","0.0","0.0","2.0","1.0","0.0","1.0","1.0","0.0","0.0","0.0","0.0",".","0.0",".","0.0","0.0","0.0","0.0","0.0","0.0","0.0","0.0"
"01/01/2014","16.0","Vols à main armée contre des établissements industriels ou commerciaux","0.0","1.0","0.0","0.0","0.0","2.0","0.0","0.0","0.0","2.0","1.0","0.0","28.0","1.0","0.0","1.0","1.0","0.0","0.0","0.0","0.0","0.0","1.0","2.0","2.0","0.0","0.0","3.0","2.0","0.0","5.0","3.0","0.0","6.0","5.0","1.0","0.0","0.0","3.0","1.0","0.0","1.0","0.0","0.0","1.0","3.0","0.0","0.0","0.0","0.0","0.0","0.0","4.0","0.0","4.0","0.0","0.0","4.0","0.0","11.0","3.0","0.0","9.0","0.0","0.0","0.0","1.0","2.0","1.0","8.0","1.0","2.0","0.0","0.0","1.0","11.0","9.0","6.0","4.0","0.0","0.0","1.0","0.0","5.0","2.0","0.0","3.0","1.0","0.0","2.0","1.0","10.0","8.0","12.0","14.0","3.0","0.0","2.0","1.0","1.0",".","0.0",".","0.0","1.0","0.0","0.0","0.0","0.0","0.0","0.0"
"01/01/2014","17.0","Vols à main armée contre des entreprises de transports de fonds","0.0","0.0","0.0","0.0","0.0","0.0","0.0","0.0","0.0","0.0","0.0","0.0","0.0","0.0","0.0","0.0","0.0","0.0","0.0","0.0","0.0","0.0","0.0","0.0","0.0","0.0","0.0","0.0","0.0","0.0","0.0","0.0","0.0","0.0","0.0","0.0","0.0","0.0","0.0","0.0","0.0","0.0","0.0","0.0","0.0","0.0","0.0","0.0","0.0","0.0","0.0","0.0","0.0","0.0","0.0","0.0","0.0","0.0","0.0","0.0","0.0","0.0","0.0","0.0","0.0","0.0","0.0","0.0","0.0","0.0","0.0","0.0","0.0","0.0","0.0","0.0","0.0","0.0","0.0","0.0","0.0","0.0","0.0","0.0","0.0","0.0","0.0","0.0","0.0","0.0","0.0","0.0","0.0","0.0","0.0","0.0","0.0","0.0","0.0","0.0",".","0.0",".","0.0","0.0","0.0","0.0","0.0","0.0","0.0","0.0"
"01/01/2014","18.0","Vols à main armée contre des particuliers à leur domicile","0.0","0.0","0.0","1.0","0.0","1.0","0.0","0.0","0.0","0.0","0.0","0.0","11.0","0.0","0.0","0.0","0.0","1.0","0.0","0.0","0.0","0.0","0.0","1.0","0.0","0.0","0.0","0.0","0.0","0.0","0.0","2.0","0.0","0.0","0.0","0.0","0.0","0.0","0.0","0.0","0.0","0.0","0.0","0.0","0.0","2.0","0.0","0.0","0.0","0.0","0.0","0.0","0.0","0.0","1.0","0.0","0.0","0.0","0.0","3.0","0.0","0.0","1.0","0.0","0.0","0.0","0.0","1.0","0.0","2.0","0.0","0.0","0.0","0.0","0.0","2.0","0.0","0.0","0.0","0.0","0.0","0.0","0.0","3.0","0.0","0.0","1.0","0.0","0.0","0.0","0.0","0.0","2.0","2.0","4.0","0.0","0.0","0.0","0.0","0.0",".","0.0",".","0.0","0.0","0.0","0.0","0.0","0.0","0.0","0.0"
"01/01/2014","19.0","Autres vols à main armée","0.0","0.0","0.0","0.0","0.0","1.0","0.0","1.0","0.0","0.0","0.0","0.0","12.0","0.0","0.0","0.0","1.0","0.0","1.0","0.0","0.0","0.0","0.0","0.0","1.0","0.0","0.0","1.0","1.0","0.0","4.0","5.0","0.0","0.0","7.0","0.0","0.0","0.0","2.0","0.0","0.0","0.0","0.0","0.0","0.0","0.0","0.0","0.0","0.0","0.0","0.0","0.0","0.0","1.0","1.0","0.0","0.0","2.0","0.0","5.0","1.0","0.0","2.0","0.0","0.0","0.0","2.0","0.0","0.0","2.0","0.0","0.0","0.0","0.0","0.0","2.0","0.0","2.0","15.0","0.0","0.0","0.0","0.0","0.0","0.0","1.0","0.0","0.0","0.0","1.0","1.0","5.0","8.0","9.0","2.0","2.0","5.0","8.0","3.0","1.0",".","0.0",".","0.0","0.0","0.0","0.0","0.0","0.0","0.0","0.0"
"01/01/2014","20.0","Vols avec armes blanches contre des établissements financiers, commerciaux ou industriels","0.0","0.0","0.0","0.0","0.0","1.0","0.0","0.0","0.0","0.0","1.0","0.0","0.0","1.0","0.0","0.0","0.0","0.0","1.0","0.0","0.0","0.0","1.0","0.0","1.0","0.0","0.0","6.0","0.0","0.0","0.0","4.0","1.0","2.0","0.0","0.0","0.0","0.0","1.0","1.0","0.0","0.0","2.0","0.0","0.0","1.0","0.0","0.0","0.0","0.0","0.0","1.0","0.0","0.0","0.0","0.0","0.0","2.0","0.0","7.0","2.0","0.0","1.0","1.0","0.0","0.0","0.0","2.0","4.0","2.0","0.0","1.0","0.0","0.0","0.0","4.0","1.0","5.0","2.0","0.0","1.0","0.0","0.0","1.0","0.0","0.0","0.0","0.0","1.0","1.0","0.0","1.0","3.0","0.0","1.0","2.0","1.0","0.0","0.0","0.0",".","1.0",".","0.0","1.0","0.0","0.0","0.0","0.0","0.0","0.0"
"01/01/2014","21.0","Vols avec armes blanches contre des particuliers à leur domicile","0.0","0.0","0.0","0.0","0.0","0.0","0.0","0.0","0.0","0.0","0.0","0.0","5.0","0.0","0.0","0.0","0.0","0.0","0.0","0.0","0.0","0.0","0.0","0.0","0.0","0.0","0.0","0.0","0.0","0.0","1.0","1.0","0.0","2.0","2.0","0.0","1.0","0.0","0.0","0.0","0.0","0.0","0.0","0.0","1.0","0.0","0.0","0.0","0.0","0.0","0.0","0.0","0.0","0.0","0.0","0.0","0.0","0.0","0.0","4.0","0.0","0.0","2.0","0.0","1.0","0.0","0.0","2.0","0.0","0.0","0.0","0.0","1.0","0.0","0.0","12.0","0.0","1.0","1.0","1.0","0.0","0.0","0.0","0.0","0.0","0.0","0.0","0.0","0.0","0.0","0.0","1.0","0.0","2.0","1.0","0.0","1.0","0.0","0.0","0.0",".","0.0",".","0.0","0.0","0.0","0.0","0.0","0.0","0.0","0.0"
"01/01/2014","22.0","Autres vols avec armes blanches","1.0","0.0","0.0","0.0","0.0","3.0","0.0","1.0","0.0","3.0","1.0","0.0","55.0","0.0","1.0","0.0","3.0","2.0","1.0","1.0","0.0","0.0","2.0","0.0","0.0","0.0","0.0","2.0","0.0","0.0","21.0","18.0","0.0","8.0","13.0","2.0","0.0","0.0","21.0","0.0","1.0","0.0","1.0","0.0","7.0","1.0","1.0","0.0","0.0","4.0","0.0","0.0","0.0","0.0","1.0","2.0","1.0","4.0","0.0","39.0","5.0","0.0","3.0","2.0","4.0","0.0","3.0","5.0","3.0","19.0","0.0","1.0","1.0","1.0","1.0","137.0","5.0","27.0","17.0","1.0","4.0","6.0","0.0","4.0","5.0","0.0","4.0","1.0","0.0","0.0","0.0","7.0","33.0","35.0","18.0","39.0","9.0","11.0","16.0","3.0",".","1.0",".","0.0","1.0","0.0","0.0","0.0","0.0","0.0","0.0"
"01/01/2014","23.0","Vols violents sans arme contre des établissements financiers, commerciaux ou industriels","0.0","2.0","0.0","0.0","0.0","1.0","0.0","0.0","0.0","0.0","0.0","0.0","3.0","0.0","0.0","0.0","0.0","0.0","0.0","0.0","0.0","0.0","0.0","0.0","1.0","0.0","0.0","1.0","0.0","0.0","0.0","2.0","0.0","0.0","2.0","2.0","0.0","0.0","2.0","0.0","0.0","0.0","1.0","0.0","0.0","0.0","0.0","0.0","0.0","1.0","0.0","0.0","0.0","0.0","2.0","0.0","0.0","0.0","0.0","2.0","0.0","0.0","1.0","0.0","0.0","0.0","0.0","0.0","0.0","1.0","0.0","0.0","0.0","0.0","0.0","4.0","0.0","0.0","0.0","0.0","1.0","0.0","0.0","0.0","0.0","0.0","0.0","0.0","0.0","0.0","1.0","0.0","3.0","6.0","1.0","0.0","0.0","0.0","0.0","3.0",".","0.0",".","0.0","0.0","0.0","0.0","0.0","0.0","0.0","0.0"
"01/01/2014","24.0","Vols violents sans arme contre des particuliers à leur domicile","0.0","2.0","0.0","0.0","0.0","0.0","1.0","0.0","0.0","1.0","0.0","0.0","3.0","1.0","0.0","0.0","0.0","0.0","0.0","1.0","0.0","0.0","0.0","2.0","0.0","0.0","1.0","4.0","0.0","0.0","1.0","1.0","0.0","0.0","1.0","1.0","0.0","1.0","3.0","0.0","0.0","0.0","1.0","0.0","2.0","0.0","0.0","0.0","0.0","0.0","0.0","2.0","0.0","1.0","1.0","1.0","0.0","0.0","1.0","2.0","0.0","0.0","1.0","0.0","1.0","1.0","2.0","0.0","0.0","2.0","0.0","1.0","1.0","0.0","0.0","7.0","3.0","2.0","2.0","0.0","0.0","0.0","1.0","2.0","1.0","0.0","0.0","0.0","0.0","1.0","0.0","1.0","5.0","2.0","1.0","1.0","0.0","0.0","1.0","1.0",".","0.0",".","0.0","0.0","0.0","0.0","0.0","0.0","0.0","0.0"
"01/01/2014","25.0","Vols violents sans arme contre des femmes sur voie publique ou autre lieu public","2.0","4.0","13.0","2.0","0.0","130.0","1.0","2.0","0.0","8.0","17.0","3.0","313.0","11.0","1.0","7.0","11.0","2.0","4.0","10.0","5.0","1.0","0.0","28.0","22.0","8.0","8.0","18.0","1.0","2.0","34.0","119.0","0.0","61.0","109.0","21.0","3.0","36.0","30.0","1.0","3.0","7.0","42.0","1.0","14.0","21.0","1.0","5.0","0.0","8.0","0.0","26.0","3.0","3.0","13.0","3.0","7.0","21.0","1.0","203.0","25.0","2.0","31.0","11.0","2.0","3.0","16.0","22.0","18.0","159.0","1.0","7.0","8.0","23.0","8.0","822.0","87.0","120.0","145.0","4.0","19.0","8.0","7.0","43.0","19.0","0.0","5.0","6.0","8.0","6.0","5.0","109.0","283.0","635.0","287.0","157.0","25.0","32.0","35.0","15.0",".","12.0",".","1.0","0.0","0.0","0.0","0.0","0.0","0.0","0.0"
"01/01/2014","26.0","Vols violents sans arme contre d’autres victimes","5.0","5.0","6.0","3.0","0.0","66.0","0.0","7.0","0.0","8.0","6.0","3.0","302.0","21.0","1.0","8.0","11.0","7.0","3.0","4.0","7.0","0.0","6.0","15.0","15.0","18.0","13.0","25.0","0.0","4.0","42.0","115.0","0.0","84.0","95.0","18.0","3.0","26.0","30.0","2.0","3.0","4.0","32.0","0.0","49.0","32.0","2.0","9.0","0.0","13.0","2.0","29.0","0.0","3.0","11.0","0.0","12.0","24.0","2.0","224.0","18.0","3.0","38.0","20.0","11.0","4.0","13.0","18.0","21.0","104.0","2.0","3.0","9.0","18.0","13.0","662.0","103.0","105.0","139.0","6.0","20.0","7.0","3.0","44.0","26.0","6.0","9.0","12.0","5.0","11.0","6.0","110.0","225.0","430.0","206.0","151.0","32.0","47.0","21.0","40.0",".","6.0",".","7.0","5.0","0.0","0.0","0.0","0.0","0.0","0.0"
"01/01/2014","27.0","Cambriolages de locaux d’habitation principale","18.0","40.0","37.0","26.0","28.0","397.0","12.0","15.0","8.0","56.0","80.0","14.0","998.0","75.0","2.0","48.0","75.0","63.0","33.0","53.0","27.0","0.0","25.0","63.0","65.0","35.0","41.0","74.0","3.0","8.0","151.0","403.0","8.0","273.0","393.0","77.0","8.0","78.0","257.0","10.0","11.0","63.0","211.0","9.0","239.0","130.0","6.0","23.0","0.0","39.0","11.0","125.0","23.0","34.0","175.0","12.0","37.0","172.0","6.0","783.0","26.0","9.0","298.0","87.0","88.0","39.0","52.0","82.0","68.0","607.0","11.0","32.0","26.0","51.0","70.0","1042.0","266.0","505.0","564.0","20.0","84.0","43.0","34.0","216.0","147.0","16.0","61.0","63.0","23.0","42.0","30.0","420.0","627.0","900.0","634.0","484.0","83.0","47.0","38.0","67.0",".","79.0",".","10.0","44.0","0.0","0.0","0.0","0.0","0.0","0.0"
"01/01/2014","28.0","Cambriolages de résidences secondaires","0.0","0.0","0.0","0.0","0.0","22.0","3.0","0.0","0.0","3.0","4.0","1.0","14.0","5.0","0.0","0.0","9.0","2.0","4.0","1.0","1.0","0.0","2.0","4.0","2.0","1.0","0.0","2.0","0.0","0.0","3.0","4.0","1.0","2.0","17.0","3.0","0.0","0.0","1.0","0.0","1.0","5.0","17.0","0.0","4.0","2.0","1.0","1.0","0.0","2.0","0.0","0.0","1.0","2.0","4.0","0.0","3.0","0.0","1.0","0.0","2.0","1.0","9.0","1.0","9.0","2.0","2.0","0.0","0.0","1.0","3.0","2.0","0.0","0.0","0.0","22.0","4.0","12.0","11.0","2.0","0.0","1.0","0.0","18.0","2.0","2.0","4.0","4.0","1.0","1.0","1.0","6.0","11.0","6.0","5.0","1.0","1.0","0.0","1.0","0.0",".","0.0",".","0.0","0.0","0.0","0.0","0.0","0.0","0.0","0.0"
"01/01/2014","29.0","Cambriolages de  locaux industriels, commerciaux ou financiers","11.0","13.0","18.0","4.0","7.0","63.0","7.0","3.0","2.0","20.0","13.0","7.0","224.0","7.0","5.0","7.0","20.0","11.0","8.0","18.0","5.0","1.0","9.0","19.0","20.0","9.0","1.0","57.0","3.0","9.0","27.0","64.0","5.0","51.0","65.0","34.0","9.0","29.0","63.0","1.0","3.0","9.0","53.0","5.0","87.0","34.0","5.0","10.0","1.0","41.0","9.0","26.0","5.0","13.0","33.0","9.0","15.0","34.0","6.0","154.0","9.0","4.0","76.0","30.0","27.0","6.0","13.0","19.0","21.0","123.0","7.0","19.0","8.0","17.0","31.0","261.0","68.0","97.0","67.0","7.0","18.0","12.0","2.0","35.0","22.0","9.0","23.0","21.0","5.0","8.0","3.0","55.0","67.0","109.0","66.0","54.0","20.0","12.0","3.0","39.0",".","24.0",".","5.0","19.0","0.0","0.0","0.0","0.0","0.0","0.0"
"01/01/2014","30.0","Cambriolages d’autres lieux","10.0","15.0","16.0","4.0","10.0","74.0","3.0","14.0","3.0","14.0","8.0","5.0","266.0","41.0","2.0","7.0","14.0","11.0","7.0","26.0","7.0","1.0","9.0","68.0","31.0","15.0","7.0","15.0","7.0","3.0","27.0","67.0","15.0","48.0","39.0","19.0","2.0","25.0","130.0","4.0","5.0","27.0","45.0","3.0","110.0","24.0","2.0","3.0","1.0","25.0","11.0","34.0","7.0","6.0","28.0","7.0","22.0","31.0","12.0","226.0","9.0","8.0","113.0","22.0","18.0","14.0","21.0","45.0","35.0","287.0","3.0","20.0","6.0","19.0","35.0","154.0","87.0","62.0","72.0","5.0","15.0","17.0","13.0","41.0","30.0","14.0","23.0","19.0","5.0","9.0","9.0","39.0","81.0","113.0","84.0","73.0","19.0","9.0","3.0","16.0",".","13.0",".","4.0","4.0","0.0","0.0","0.0","0.0","0.0","0.0"
"01/01/2014","31.0","Vols avec entrée par ruse en tous lieux","0.0","2.0","0.0","3.0","0.0","48.0","0.0","0.0","0.0","3.0","1.0","0.0","19.0","5.0","0.0","0.0","1.0","0.0","3.0","4.0","2.0","1.0","2.0","4.0","1.0","1.0","1.0","2.0","0.0","0.0","2.0","10.0","0.0","6.0","3.0","2.0","1.0","4.0","10.0","0.0","0.0","1.0","2.0","0.0","6.0","1.0","0.0","3.0","0.0","2.0","1.0","5.0","1.0","3.0","3.0","0.0","1.0","3.0","1.0","28.0","6.0","3.0","8.0","2.0","11.0","1.0","0.0","4.0","2.0","15.0","0.0","0.0","1.0","4.0","8.0","80.0","7.0","18.0","24.0","1.0","6.0","0.0","2.0","5.0","2.0","1.0","1.0","1.0","2.0","3.0","2.0","31.0","48.0","55.0","31.0","16.0","0.0","0.0","9.0","1.0",".","0.0",".","0.0","0.0","0.0","0.0","0.0","0.0","0.0","0.0"
"01/01/2014","32.0","Vols à la tire","10.0","16.0","5.0","3.0","1.0","258.0","1.0","11.0","0.0","6.0","23.0","3.0","391.0","31.0","6.0","5.0","8.0","0.0","8.0","19.0","10.0","0.0","10.0","3.0","10.0","3.0","12.0","33.0","6.0","5.0","19.0","239.0","1.0","158.0","166.0","39.0","7.0","55.0","109.0","2.0","3.0","17.0","36.0","1.0","284.0","47.0","4.0","20.0","1.0","18.0","3.0","49.0","0.0","7.0","72.0","2.0","9.0","47.0","3.0","366.0","14.0","4.0","68.0","40.0","31.0","15.0","14.0","99.0","6.0","65.0","3.0","10.0","8.0","11.0","17.0","2745.0","84.0","206.0","163.0","0.0","14.0","5.0","16.0","71.0","39.0","3.0","41.0","24.0","1.0","9.0","2.0","134.0","358.0","644.0","294.0","282.0","3.0","5.0","17.0","3.0",".","14.0",".","0.0","0.0","0.0","0.0","0.0","0.0","0.0","0.0"
"01/01/2014","33.0","Vols à l’étalage","22.0","28.0","14.0","6.0","9.0","77.0","20.0","12.0","2.0","42.0","27.0","15.0","135.0","54.0","6.0","5.0","18.0","15.0","20.0","37.0","40.0","7.0","23.0","37.0","18.0","19.0","15.0","58.0","0.0","0.0","29.0","116.0","9.0","174.0","50.0","50.0","17.0","35.0","46.0","7.0","16.0","6.0","113.0","8.0","167.0","37.0","2.0","12.0","0.0","61.0","20.0","32.0","8.0","6.0","86.0","6.0","14.0","61.0","10.0","183.0","39.0","10.0","70.0","43.0","47.0","17.0","11.0","65.0","57.0","315.0","10.0","33.0","10.0","28.0","40.0","476.0","141.0","237.0","287.0","8.0","37.0","12.0","12.0","51.0","29.0","13.0","32.0","26.0","16.0","13.0","17.0","119.0","200.0","251.0","210.0","132.0","4.0","20.0","2.0","12.0",".","1.0",".","3.0","4.0","0.0","0.0","0.0","0.0","0.0","0.0"
"01/01/2014","34.0","Vols de véhicules de transport avec fret","0.0","0.0","0.0","0.0","0.0","0.0","0.0","0.0","0.0","0.0","0.0","0.0","1.0","0.0","0.0","0.0","0.0","0.0","0.0","0.0","0.0","0.0","0.0","0.0","0.0","0.0","0.0","0.0","0.0","0.0","0.0","0.0","0.0","0.0","0.0","0.0","0.0","0.0","0.0","0.0","0.0","0.0","0.0","0.0","0.0","0.0","0.0","0.0","0.0","0.0","0.0","0.0","0.0","0.0","0.0","0.0","0.0","0.0","0.0","0.0","0.0","0.0","0.0","0.0","0.0","0.0","0.0","0.0","0.0","1.0","0.0","0.0","0.0","0.0","0.0","2.0","0.0","5.0","0.0","0.0","0.0","0.0","0.0","0.0","0.0","0.0","0.0","0.0","0.0","0.0","0.0","1.0","0.0","3.0","0.0","0.0","0.0","0.0","0.0","0.0",".","0.0",".","0.0","0.0","0.0","0.0","0.0","0.0","0.0","0.0"
"01/01/2014","35.0","Vols d’automobiles","6.0","32.0","12.0","5.0","4.0","113.0","11.0","13.0","7.0","8.0","26.0","2.0","634.0","28.0","0.0","14.0","41.0","16.0","4.0","41.0","5.0","1.0","14.0","34.0","60.0","31.0","16.0","32.0","8.0","13.0","71.0","96.0","3.0","105.0","100.0","21.0","10.0","37.0","72.0","1.0","4.0","20.0","61.0","2.0","102.0","43.0","2.0","12.0","0.0","23.0","12.0","60.0","8.0","1.0","42.0","6.0","12.0","42.0","7.0","420.0","65.0","4.0","111.0","36.0","25.0","7.0","24.0","21.0","16.0","287.0","5.0","26.0","14.0","17.0","31.0","183.0","108.0","276.0","224.0","4.0","39.0","7.0","3.0","71.0","50.0","9.0","17.0","10.0","3.0","21.0","10.0","285.0","166.0","511.0","340.0","336.0","29.0","14.0","5.0","21.0",".","8.0",".","3.0","66.0","0.0","0.0","0.0","0.0","0.0","0.0"
"01/01/2014","36.0","Vols de véhicules motorisés à 2 roues","4.0","11.0","13.0","5.0","2.0","226.0","7.0","5.0","1.0","12.0","12.0","1.0","318.0","17.0","0.0","6.0","28.0","4.0","9.0","15.0","9.0","0.0","14.0","6.0","23.0","9.0","8.0","15.0","8.0","11.0","24.0","47.0","2.0","64.0","69.0","24.0","5.0","25.0","39.0","2.0","4.0","4.0","11.0","3.0","83.0","22.0","8.0","6.0","0.0","24.0","12.0","19.0","6.0","2.0","13.0","5.0","11.0","17.0","1.0","103.0","9.0","5.0","71.0","16.0","28.0","6.0","18.0","29.0","14.0","100.0","4.0","14.0","19.0","11.0","32.0","487.0","57.0","48.0","63.0","11.0","25.0","15.0","4.0","95.0","28.0","9.0","20.0","8.0","5.0","5.0","0.0","52.0","202.0","111.0","133.0","69.0","18.0","19.0","46.0","51.0",".","24.0",".","8.0","16.0","0.0","0.0","0.0","0.0","0.0","0.0"
"01/01/2014","37.0","Vols à la roulotte","17.0","21.0","38.0","16.0","23.0","285.0","11.0","9.0","6.0","19.0","36.0","20.0","969.0","41.0","10.0","46.0","131.0","24.0","29.0","68.0","31.0","0.0","37.0","74.0","97.0","52.0","53.0","88.0","4.0","10.0","113.0","566.0","44.0","265.0","356.0","88.0","17.0","126.0","300.0","5.0","20.0","50.0","144.0","6.0","337.0","100.0","6.0","23.0","12.0","111.0","27.0","169.0","11.0","16.0","109.0","18.0","21.0","89.0","16.0","1071.0","58.0","19.0","332.0","116.0","131.0","42.0","52.0","95.0","62.0","569.0","17.0","38.0","74.0","48.0","34.0","1007.0","305.0","427.0","372.0","18.0","84.0","62.0","24.0","173.0","102.0","28.0","76.0","69.0","29.0","16.0","17.0","318.0","690.0","1189.0","662.0","536.0","94.0","123.0","73.0","137.0",".","43.0",".","59.0","46.0","0.0","0.0","0.0","0.0","0.0","0.0"
"01/01/2014","38.0","Vols d’accessoires sur véhicules à moteur immatriculés","14.0","22.0","28.0","5.0","3.0","113.0","11.0","11.0","5.0","13.0","22.0","9.0","558.0","26.0","3.0","21.0","37.0","27.0","14.0","41.0","8.0","1.0","12.0","51.0","61.0","37.0","23.0","44.0","9.0","8.0","61.0","179.0","8.0","121.0","106.0","48.0","10.0","50.0","151.0","6.0","4.0","13.0","123.0","4.0","189.0","55.0","1.0","9.0","3.0","38.0","13.0","69.0","13.0","19.0","60.0","6.0","15.0","40.0","9.0","393.0","51.0","23.0","158.0","50.0","25.0","12.0","26.0","69.0","43.0","317.0","4.0","23.0","14.0","23.0","18.0","213.0","172.0","253.0","267.0","11.0","36.0","14.0","15.0","101.0","66.0","13.0","39.0","27.0","7.0","13.0","9.0","208.0","317.0","337.0","334.0","211.0","34.0","24.0","8.0","50.0",".","3.0",".","4.0","4.0","0.0","0.0","0.0","0.0","0.0","0.0"
"01/01/2014","39.0","Vols simples sur chantier","0.0","1.0","1.0","0.0","0.0","7.0","2.0","3.0","0.0","0.0","0.0","0.0","46.0","8.0","0.0","0.0","6.0","2.0","0.0","1.0","3.0","0.0","1.0","2.0","2.0","1.0","1.0","1.0","0.0","0.0","5.0","10.0","0.0","8.0","12.0","5.0","1.0","3.0","6.0","1.0","1.0","0.0","5.0","0.0","11.0","8.0","0.0","1.0","0.0","3.0","1.0","6.0","2.0","0.0","9.0","2.0","2.0","1.0","2.0","44.0","2.0","5.0","7.0","6.0","5.0","2.0","1.0","6.0","1.0","20.0","1.0","4.0","0.0","3.0","0.0","28.0","12.0","23.0","5.0","1.0","1.0","0.0","0.0","7.0","4.0","3.0","8.0","5.0","1.0","1.0","1.0","12.0","33.0","24.0","20.0","14.0","2.0","1.0","4.0","1.0",".","0.0",".","0.0","0.0","0.0","0.0","0.0","0.0","0.0","0.0"
"01/01/2014","40.0","Vols simples sur exploitations agricoles","0.0","0.0","0.0","0.0","0.0","0.0","1.0","0.0","0.0","0.0","0.0","0.0","0.0","0.0","0.0","0.0","0.0","1.0","0.0","0.0","1.0","0.0","1.0","0.0","0.0","0.0","0.0","0.0","0.0","0.0","0.0","0.0","0.0","0.0","0.0","0.0","0.0","0.0","0.0","0.0","0.0","0.0","1.0","0.0","0.0","0.0","0.0","0.0","0.0","0.0","1.0","0.0","0.0","0.0","0.0","0.0","0.0","0.0","0.0","0.0","0.0","0.0","0.0","1.0","0.0","1.0","1.0","0.0","0.0","0.0","0.0","1.0","0.0","0.0","0.0","0.0","0.0","0.0","0.0","0.0","0.0","0.0","1.0","1.0","1.0","0.0","0.0","0.0","0.0","0.0","0.0","0.0","0.0","0.0","0.0","0.0","1.0","1.0","0.0","1.0",".","0.0",".","0.0","0.0","0.0","0.0","0.0","0.0","0.0","0.0"
"01/01/2014","41.0","Autres vols simples contre des établissements publics ou privés","7.0","22.0","6.0","6.0","7.0","38.0","6.0","6.0","2.0","17.0","10.0","6.0","159.0","31.0","5.0","23.0","41.0","15.0","8.0","41.0","14.0","1.0","17.0","20.0","29.0","14.0","26.0","19.0","4.0","3.0","22.0","104.0","4.0","75.0","58.0","39.0","11.0","27.0","42.0","6.0","5.0","18.0","54.0","4.0","61.0","29.0","2.0","7.0","5.0","38.0","11.0","33.0","6.0","16.0","44.0","4.0","8.0","55.0","7.0","206.0","25.0","5.0","97.0","33.0","40.0","16.0","26.0","35.0","39.0","213.0","3.0","23.0","19.0","17.0","25.0","357.0","85.0","133.0","104.0","9.0","34.0","11.0","10.0","38.0","34.0","15.0","35.0","30.0","9.0","15.0","12.0","44.0","168.0","102.0","125.0","64.0","12.0","9.0","12.0","21.0",".","0.0",".","6.0","2.0","0.0","0.0","0.0","0.0","0.0","0.0"
"01/01/2014","42.0","Vols simples contre des particuliers dans des locaux privés","18.0","47.0","36.0","18.0","21.0","257.0","9.0","19.0","7.0","25.0","31.0","32.0","415.0","55.0","5.0","25.0","76.0","36.0","20.0","89.0","19.0","4.0","29.0","58.0","68.0","45.0","42.0","56.0","5.0","3.0","104.0","152.0","8.0","150.0","217.0","119.0","22.0","39.0","144.0","15.0","26.0","20.0","90.0","8.0","213.0","65.0","12.0","15.0","1.0","118.0","24.0","123.0","12.0","18.0","88.0","12.0","41.0","110.0","12.0","572.0","50.0","17.0","190.0","65.0","88.0","24.0","35.0","76.0","57.0","290.0","20.0","32.0","50.0","23.0","45.0","942.0","228.0","199.0","196.0","26.0","38.0","32.0","30.0","153.0","83.0","26.0","46.0","21.0","20.0","23.0","25.0","164.0","437.0","446.0","303.0","175.0","37.0","31.0","44.0","58.0",".","31.0",".","22.0","37.0","0.0","0.0","0.0","0.0","0.0","0.0"
"01/01/2014","43.0","Vols simples contre des particuliers dans des locaux ou lieux publics","35.0","84.0","68.0","20.0","25.0","545.0","12.0","34.0","12.0","58.0","88.0","19.0","1070.0","123.0","9.0","65.0","102.0","39.0","38.0","162.0","45.0","5.0","44.0","112.0","115.0","56.0","55.0","125.0","27.0","33.0","139.0","661.0","15.0","666.0","341.0","262.0","13.0","166.0","341.0","25.0","28.0","36.0","239.0","16.0","268.0","150.0","13.0","29.0","6.0","131.0","37.0","114.0","16.0","32.0","213.0","17.0","71.0","152.0","9.0","735.0","59.0","25.0","316.0","133.0","150.0","37.0","88.0","276.0","138.0","1353.0","18.0","52.0","84.0","90.0","96.0","4157.0","342.0","418.0","583.0","39.0","113.0","49.0","34.0","332.0","101.0","41.0","100.0","82.0","43.0","42.0","32.0","400.0","1481.0","842.0","764.0","545.0","59.0","49.0","22.0","92.0",".","3.0",".","55.0","45.0","0.0","0.0","0.0","0.0","0.0","0.0"
"01/01/2014","44.0","Recels","7.0","4.0","8.0","1.0","3.0","46.0","1.0","5.0","1.0","5.0","12.0","1.0","106.0","11.0","1.0","3.0","13.0","3.0","3.0","11.0","3.0","1.0","2.0","9.0","8.0","7.0","4.0","11.0","3.0","0.0","18.0","42.0","0.0","29.0","35.0","5.0","3.0","13.0","22.0","2.0","19.0","3.0","22.0","6.0","20.0","25.0","0.0","10.0","0.0","13.0","5.0","19.0","6.0","5.0","35.0","2.0","4.0","16.0","2.0","109.0","7.0","4.0","52.0","7.0","7.0","4.0","8.0","12.0","21.0","88.0","2.0","12.0","20.0","10.0","9.0","419.0","55.0","44.0","55.0","4.0","9.0","6.0","3.0","16.0","9.0","6.0","6.0","7.0","2.0","2.0","3.0","28.0","62.0","204.0","89.0","79.0","7.0","5.0","22.0","19.0",".","5.0",".","1.0","6.0","0.0","0.0","0.0","0.0","0.0","0.0"
"01/01/2014","45.0","Proxénétisme","0.0","0.0","0.0","0.0","0.0","2.0","0.0","0.0","0.0","0.0","0.0","0.0","2.0","0.0","0.0","1.0","0.0","0.0","0.0","0.0","0.0","0.0","0.0","0.0","0.0","0.0","0.0","0.0","0.0","0.0","0.0","2.0","0.0","1.0","0.0","0.0","0.0","0.0","0.0","0.0","0.0","0.0","0.0","0.0","0.0","0.0","0.0","0.0","0.0","0.0","0.0","0.0","0.0","0.0","1.0","0.0","0.0","0.0","0.0","2.0","0.0","0.0","1.0","0.0","0.0","0.0","0.0","1.0","0.0","1.0","0.0","0.0","0.0","0.0","0.0","8.0","0.0","0.0","1.0","0.0","0.0","0.0","0.0","0.0","0.0","0.0","0.0","1.0","0.0","0.0","0.0","1.0","0.0","0.0","0.0","0.0","0.0","0.0","0.0","0.0",".","0.0",".","0.0","0.0","0.0","0.0","1.0","0.0","0.0","0.0"
"01/01/2014","46.0","Viols sur des majeur(e)s","0.0","5.0","3.0","0.0","1.0","6.0","0.0","2.0","0.0","2.0","1.0","0.0","10.0","2.0","1.0","0.0","2.0","3.0","1.0","2.0","2.0","0.0","1.0","2.0","2.0","2.0","1.0","1.0","0.0","0.0","2.0","6.0","0.0","5.0","4.0","4.0","0.0","3.0","4.0","1.0","0.0","1.0","2.0","1.0","11.0","6.0","0.0","2.0","0.0","3.0","2.0","1.0","0.0","2.0","3.0","0.0","1.0","3.0","0.0","14.0","1.0","1.0","7.0","2.0","2.0","0.0","1.0","3.0","2.0","12.0","0.0","2.0","6.0","1.0","1.0","37.0","3.0","3.0","10.0","1.0","1.0","0.0","1.0","5.0","5.0","0.0","2.0","3.0","0.0","1.0","1.0","2.0","9.0","14.0","11.0","11.0","0.0","4.0","0.0","3.0",".","0.0",".","0.0","1.0","0.0","0.0","0.0","0.0","0.0","0.0"
"01/01/2014","47.0","Viols sur des mineur(e)s","1.0","3.0","2.0","0.0","0.0","2.0","0.0","4.0","0.0","2.0","1.0","2.0","14.0","4.0","0.0","0.0","2.0","0.0","0.0","0.0","0.0","0.0","0.0","3.0","3.0","3.0","0.0","2.0","1.0","0.0","1.0","5.0","0.0","7.0","4.0","1.0","1.0","0.0","5.0","1.0","2.0","1.0","3.0","0.0","5.0","4.0","0.0","1.0","0.0","1.0","5.0","4.0","1.0","1.0","9.0","1.0","1.0","3.0","0.0","22.0","1.0","2.0","13.0","1.0","2.0","0.0","4.0","6.0","0.0","7.0","0.0","3.0","0.0","1.0","1.0","11.0","12.0","7.0","11.0","2.0","2.0","0.0","1.0","7.0","0.0","1.0","1.0","3.0","1.0","1.0","2.0","6.0","12.0","11.0","4.0","3.0","0.0","1.0","1.0","1.0",".","1.0",".","1.0","0.0","0.0","0.0","0.0","0.0","0.0","0.0"
"01/01/2014","48.0","Harcèlements sexuels et autres agressions sexuelles contre des majeur(e)s","1.0","2.0","1.0","1.0","1.0","6.0","0.0","1.0","0.0","1.0","2.0","1.0","7.0","0.0","0.0","0.0","2.0","2.0","2.0","5.0","0.0","0.0","0.0","1.0","2.0","5.0","3.0","6.0","0.0","0.0","0.0","8.0","0.0","21.0","9.0","2.0","0.0","2.0","2.0","2.0","0.0","2.0","6.0","1.0","9.0","2.0","0.0","0.0","0.0","2.0","2.0","7.0","0.0","1.0","2.0","0.0","0.0","6.0","0.0","18.0","1.0","1.0","12.0","0.0","3.0","0.0","1.0","9.0","2.0","12.0","0.0","8.0","5.0","2.0","1.0","55.0","15.0","11.0","8.0","0.0","4.0","1.0","0.0","2.0","1.0","0.0","3.0","3.0","0.0","3.0","0.0","7.0","13.0","17.0","13.0","6.0","1.0","1.0","3.0","7.0",".","1.0",".","0.0","0.0","0.0","0.0","0.0","0.0","0.0","0.0"
"01/01/2014","49.0","Harcèlements sexuels et autres agressions sexuelles contre des mineur(e)s","1.0","2.0","0.0","1.0","1.0","5.0","0.0","1.0","3.0","2.0","0.0","1.0","7.0","5.0","0.0","5.0","2.0","3.0","2.0","4.0","2.0","0.0","3.0","0.0","3.0","4.0","2.0","8.0","0.0","1.0","3.0","8.0","0.0","12.0","12.0","6.0","2.0","4.0","3.0","2.0","1.0","3.0","3.0","0.0","9.0","3.0","0.0","1.0","0.0","10.0","6.0","2.0","1.0","2.0","14.0","2.0","1.0","3.0","0.0","31.0","3.0","5.0","19.0","5.0","3.0","0.0","3.0","3.0","0.0","20.0","0.0","1.0","3.0","1.0","0.0","24.0","22.0","14.0","18.0","2.0","1.0","3.0","0.0","9.0","4.0","2.0","3.0","6.0","3.0","2.0","0.0","14.0","16.0","11.0","9.0","11.0","3.0","1.0","3.0","2.0",".","3.0",".","1.0","0.0","0.0","0.0","0.0","0.0","0.0","0.0"
"01/01/2014","50.0","Atteintes sexuelles","0.0","6.0","3.0","0.0","2.0","16.0","2.0","3.0","1.0","1.0","2.0","2.0","13.0","6.0","1.0","1.0","2.0","3.0","1.0","2.0","1.0","0.0","1.0","3.0","3.0","3.0","2.0","14.0","2.0","1.0","1.0","9.0","1.0","51.0","13.0","5.0","1.0","3.0","0.0","1.0","3.0","3.0","6.0","4.0","12.0","5.0","0.0","2.0","1.0","5.0","3.0","7.0","2.0","1.0","5.0","0.0","0.0","11.0","1.0","33.0","1.0","1.0","30.0","5.0","7.0","0.0","1.0","7.0","1.0","39.0","1.0","0.0","3.0","4.0","0.0","147.0","13.0","19.0","16.0","2.0","2.0","1.0","1.0","8.0","9.0","4.0","3.0","4.0","0.0","2.0","6.0","8.0","7.0","20.0","16.0","9.0","0.0","2.0","0.0","6.0",".","1.0",".","2.0","0.0","0.0","0.0","0.0","0.0","0.0","0.0"
"01/01/2014","51.0","Homicides commis contre enfants de moins de 15 ans","0.0","0.0","0.0","0.0","0.0","0.0","0.0","0.0","0.0","0.0","0.0","0.0","0.0","0.0","0.0","0.0","0.0","0.0","0.0","0.0","0.0","0.0","0.0","0.0","0.0","0.0","0.0","0.0","0.0","0.0","0.0","0.0","0.0","0.0","0.0","0.0","0.0","0.0","0.0","0.0","0.0","0.0","0.0","0.0","0.0","0.0","0.0","0.0","0.0","0.0","0.0","0.0","0.0","0.0","0.0","0.0","0.0","0.0","0.0","0.0","0.0","0.0","0.0","0.0","0.0","0.0","0.0","0.0","0.0","0.0","0.0","0.0","0.0","0.0","0.0","1.0","0.0","0.0","0.0","0.0","0.0","0.0","0.0","0.0","0.0","0.0","0.0","0.0","0.0","0.0","0.0","0.0","2.0","0.0","0.0","0.0","0.0","0.0","0.0","0.0",".","0.0",".","0.0","0.0","0.0","0.0","0.0","0.0","0.0","0.0"
"01/01/2014","52.0","Violences, mauvais traitements et abandons d’enfants","2.0","14.0","2.0","3.0","0.0","21.0","0.0","8.0","3.0","9.0","0.0","2.0","54.0","21.0","0.0","3.0","7.0","3.0","10.0","3.0","5.0","0.0","5.0","18.0","16.0","16.0","13.0","8.0","0.0","0.0","18.0","40.0","1.0","33.0","6.0","13.0","3.0","10.0","23.0","0.0","4.0","2.0","15.0","1.0","30.0","29.0","0.0","2.0","0.0","20.0","5.0","32.0","5.0","9.0","35.0","4.0","8.0","33.0","0.0","118.0","6.0","3.0","71.0","8.0","15.0","7.0","7.0","43.0","21.0","64.0","3.0","21.0","28.0","3.0","8.0","32.0","37.0","60.0","50.0","4.0","20.0","13.0","7.0","25.0","4.0","14.0","17.0","8.0","3.0","7.0","5.0","38.0","31.0","44.0","50.0","27.0","10.0","6.0","6.0","14.0",".","1.0",".","4.0","1.0","0.0","0.0","0.0","0.0","0.0","0.0"
"01/01/2014","53.0","Délits au sujet de la garde des mineurs","2.0","1.0","3.0","1.0","2.0","19.0","1.0","0.0","4.0","2.0","4.0","1.0","26.0","1.0","2.0","12.0","1.0","5.0","4.0","3.0","1.0","0.0","4.0","1.0","5.0","4.0","14.0","6.0","4.0","8.0","8.0","15.0","1.0","18.0","25.0","9.0","2.0","15.0","10.0","1.0","1.0","2.0","26.0","0.0","12.0","16.0","1.0","1.0","0.0","8.0","2.0","3.0","4.0","2.0","16.0","4.0","6.0","15.0","2.0","61.0","10.0","0.0","38.0","13.0","5.0","18.0","4.0","3.0","15.0","37.0","0.0","5.0","4.0","5.0","2.0","86.0","71.0","24.0","30.0","2.0","12.0","4.0","3.0","16.0","11.0","2.0","1.0","4.0","6.0","0.0","1.0","15.0","34.0","33.0","32.0","32.0","1.0","3.0","3.0","2.0",".","2.0",".","0.0","1.0","0.0","0.0","0.0","0.0","0.0","0.0"
"01/01/2014","54.0","Non versement de pension alimentaire","4.0","2.0","1.0","0.0","1.0","15.0","2.0","0.0","2.0","1.0","4.0","1.0","24.0","1.0","3.0","0.0","2.0","0.0","0.0","3.0","0.0","1.0","2.0","2.0","2.0","4.0","2.0","5.0","3.0","5.0","1.0","8.0","1.0","14.0","10.0","2.0","0.0","8.0","8.0","0.0","0.0","1.0","9.0","1.0","4.0","3.0","0.0","1.0","0.0","4.0","3.0","2.0","0.0","0.0","12.0","1.0","2.0","15.0","1.0","33.0","9.0","1.0","13.0","1.0","8.0","5.0","2.0","1.0","20.0","31.0","1.0","2.0","1.0","5.0","10.0","35.0","20.0","15.0","23.0","0.0","2.0","2.0","3.0","13.0","4.0","0.0","2.0","3.0","0.0","0.0","1.0","5.0","18.0","25.0","16.0","8.0","2.0","2.0","1.0","3.0",".","0.0",".","0.0","4.0","0.0","0.0","0.0","0.0","0.0","0.0"
"01/01/2014","55.0","Trafic et revente sans usage de stupéfiants","2.0","1.0","4.0","2.0","1.0","11.0","0.0","4.0","1.0","2.0","0.0","1.0","52.0","3.0","0.0","1.0","4.0","0.0","0.0","1.0","0.0","0.0","0.0","2.0","6.0","0.0","2.0","2.0","1.0","1.0","2.0","5.0","1.0","6.0","4.0","4.0","0.0","2.0","3.0","1.0","1.0","0.0","1.0","0.0","3.0","0.0","0.0","0.0","0.0","0.0","0.0","2.0","0.0","2.0","4.0","0.0","0.0","9.0","0.0","25.0","8.0","0.0","5.0","0.0","7.0","0.0","1.0","3.0","2.0","1.0","0.0","0.0","0.0","0.0","3.0","66.0","9.0","3.0","17.0","0.0","4.0","0.0","0.0","4.0","3.0","2.0","3.0","5.0","0.0","0.0","0.0","8.0","31.0","123.0","21.0","8.0","10.0","1.0","8.0","1.0",".","0.0",".","0.0","1.0","0.0","0.0","12.0","0.0","0.0","0.0"
"01/01/2014","56.0","Usage-revente de stupéfiants","2.0","2.0","2.0","1.0","2.0","14.0","0.0","8.0","3.0","5.0","0.0","3.0","10.0","16.0","0.0","1.0","3.0","0.0","0.0","3.0","1.0","0.0","0.0","1.0","6.0","8.0","12.0","1.0","0.0","0.0","2.0","6.0","0.0","21.0","9.0","14.0","1.0","4.0","4.0","1.0","1.0","0.0","2.0","0.0","12.0","4.0","0.0","1.0","1.0","4.0","1.0","11.0","1.0","2.0","14.0","3.0","6.0","6.0","1.0","72.0","3.0","0.0","19.0","6.0","6.0","0.0","3.0","32.0","3.0","19.0","0.0","2.0","3.0","5.0","6.0","88.0","65.0","20.0","14.0","0.0","0.0","7.0","0.0","17.0","5.0","7.0","9.0","3.0","1.0","2.0","2.0","7.0","25.0","64.0","19.0","23.0","8.0","3.0","0.0","3.0",".","0.0",".","6.0","1.0","0.0","0.0","0.0","0.0","0.0","0.0"
"01/01/2014","57.0","Usage de stupéfiants","49.0","61.0","44.0","10.0","25.0","171.0","6.0","35.0","9.0","37.0","38.0","24.0","604.0","50.0","0.0","20.0","83.0","18.0","12.0","32.0","20.0","0.0","11.0","34.0","61.0","52.0","70.0","57.0","14.0","10.0","49.0","185.0","1.0","254.0","171.0","83.0","15.0","56.0","77.0","11.0","26.0","13.0","84.0","13.0","165.0","71.0","3.0","18.0","3.0","58.0","8.0","117.0","22.0","7.0","174.0","24.0","32.0","128.0","12.0","667.0","82.0","20.0","199.0","39.0","78.0","11.0","37.0","100.0","61.0","519.0","3.0","35.0","52.0","25.0","78.0","905.0","170.0","402.0","448.0","18.0","61.0","46.0","5.0","234.0","75.0","52.0","48.0","29.0","16.0","22.0","27.0","282.0","422.0","872.0","465.0","418.0","52.0","61.0","7.0","31.0",".","2.0",".","40.0","6.0","0.0","0.0","0.0","0.0","0.0","0.0"
"01/01/2014","58.0","Autres infractions à la législation sur les stupéfiants","1.0","2.0","0.0","0.0","0.0","1.0","1.0","2.0","0.0","0.0","0.0","0.0","4.0","1.0","0.0","0.0","0.0","0.0","0.0","0.0","0.0","0.0","0.0","0.0","0.0","1.0","0.0","1.0","0.0","0.0","2.0","0.0","0.0","1.0","11.0","0.0","0.0","0.0","0.0","2.0","2.0","0.0","1.0","0.0","0.0","1.0","0.0","0.0","0.0","0.0","0.0","0.0","0.0","1.0","1.0","0.0","0.0","0.0","0.0","2.0","0.0","0.0","9.0","0.0","0.0","0.0","0.0","0.0","0.0","1.0","0.0","0.0","1.0","0.0","0.0","56.0","5.0","1.0","15.0","1.0","0.0","0.0","0.0","1.0","2.0","0.0","1.0","0.0","0.0","0.0","0.0","2.0","5.0","42.0","6.0","5.0","0.0","0.0","0.0","1.0",".","0.0",".","1.0","1.0","0.0","0.0","0.0","0.0","0.0","0.0"
"01/01/2014","59.0","Délits de débits de boissons et infraction à la réglementation sur l’alcool  et le tabac","0.0","0.0","0.0","0.0","0.0","11.0","0.0","0.0","0.0","0.0","0.0","0.0","8.0","0.0","0.0","0.0","0.0","0.0","0.0","0.0","0.0","0.0","0.0","0.0","0.0","0.0","1.0","0.0","0.0","0.0","1.0","1.0","0.0","4.0","3.0","0.0","0.0","0.0","0.0","0.0","0.0","0.0","0.0","0.0","0.0","1.0","0.0","0.0","0.0","0.0","0.0","0.0","0.0","0.0","1.0","0.0","0.0","0.0","0.0","1.0","0.0","0.0","0.0","0.0","0.0","0.0","0.0","0.0","0.0","0.0","0.0","0.0","1.0","0.0","2.0","3.0","0.0","0.0","0.0","0.0","0.0","0.0","0.0","2.0","1.0","0.0","0.0","0.0","0.0","0.0","0.0","1.0","0.0","1.0","0.0","1.0","6.0","0.0","0.0","1.0",".","0.0",".","0.0","0.0","0.0","0.0","0.0","0.0","0.0","0.0"
"01/01/2014","60.0","Fraudes alimentaires et infractions à l’hygiène","0.0","0.0","0.0","0.0","0.0","2.0","0.0","0.0","0.0","0.0","0.0","0.0","1.0","0.0","0.0","0.0","0.0","0.0","0.0","0.0","0.0","0.0","0.0","0.0","0.0","0.0","0.0","0.0","0.0","0.0","1.0","0.0","0.0","0.0","1.0","0.0","0.0","0.0","0.0","0.0","0.0","0.0","0.0","0.0","0.0","0.0","0.0","0.0","0.0","0.0","0.0","0.0","0.0","0.0","1.0","0.0","0.0","1.0","0.0","0.0","0.0","0.0","0.0","0.0","1.0","0.0","0.0","1.0","0.0","0.0","0.0","0.0","0.0","0.0","0.0","2.0","0.0","1.0","1.0","0.0","0.0","0.0","0.0","0.0","0.0","0.0","0.0","0.0","0.0","0.0","0.0","0.0","0.0","0.0","0.0","1.0","0.0","0.0","0.0","0.0",".","0.0",".","0.0","0.0","0.0","0.0","0.0","0.0","0.0","0.0"
"01/01/2014","61.0","Autres délits contre santé publique et la réglementation des professions médicales","0.0","0.0","0.0","0.0","0.0","1.0","0.0","0.0","0.0","0.0","0.0","0.0","0.0","0.0","0.0","0.0","0.0","0.0","0.0","0.0","0.0","0.0","0.0","0.0","0.0","0.0","0.0","0.0","0.0","0.0","0.0","0.0","0.0","1.0","0.0","0.0","0.0","0.0","1.0","0.0","0.0","0.0","0.0","0.0","0.0","0.0","0.0","0.0","0.0","0.0","0.0","0.0","0.0","0.0","0.0","0.0","0.0","0.0","0.0","0.0","0.0","0.0","0.0","0.0","0.0","0.0","0.0","3.0","0.0","0.0","0.0","0.0","0.0","0.0","0.0","1.0","0.0","0.0","1.0","0.0","0.0","0.0","0.0","0.0","0.0","0.0","0.0","0.0","0.0","0.0","0.0","0.0","1.0","0.0","1.0","1.0","0.0","0.0","0.0","0.0",".","0.0",".","0.0","0.0","0.0","0.0","0.0","0.0","0.0","0.0"
"01/01/2014","62.0","Incendies volontaires de biens publics","1.0","3.0","0.0","0.0","1.0","3.0","0.0","1.0","0.0","1.0","5.0","0.0","11.0","0.0","0.0","2.0","3.0","2.0","1.0","2.0","0.0","0.0","0.0","3.0","1.0","0.0","2.0","2.0","1.0","1.0","1.0","3.0","0.0","27.0","6.0","0.0","1.0","1.0","5.0","0.0","1.0","1.0","3.0","2.0","6.0","0.0","0.0","2.0","0.0","3.0","1.0","2.0","0.0","1.0","4.0","2.0","0.0","3.0","0.0","10.0","1.0","0.0","13.0","3.0","3.0","1.0","1.0","21.0","2.0","10.0","0.0","1.0","4.0","0.0","0.0","7.0","4.0","9.0","4.0","0.0","3.0","6.0","0.0","1.0","2.0","0.0","7.0","3.0","0.0","3.0","0.0","2.0","4.0","2.0","4.0","1.0","0.0","0.0","0.0","8.0",".","0.0",".","0.0","0.0","0.0","0.0","0.0","0.0","0.0","0.0"
"01/01/2014","63.0","Incendies volontaires de biens privés","4.0","21.0","8.0","2.0","0.0","44.0","2.0","14.0","0.0","7.0","14.0","2.0","76.0","12.0","0.0","9.0","8.0","9.0","1.0","23.0","1.0","1.0","2.0","23.0","21.0","10.0","15.0","27.0","4.0","5.0","38.0","65.0","2.0","41.0","22.0","10.0","5.0","18.0","80.0","2.0","2.0","7.0","66.0","1.0","57.0","18.0","2.0","4.0","0.0","34.0","1.0","40.0","7.0","0.0","42.0","1.0","5.0","41.0","4.0","225.0","37.0","4.0","95.0","26.0","18.0","9.0","10.0","173.0","72.0","139.0","5.0","12.0","16.0","17.0","6.0","30.0","97.0","48.0","76.0","0.0","28.0","17.0","4.0","36.0","64.0","2.0","6.0","10.0","4.0","15.0","14.0","55.0","63.0","196.0","68.0","91.0","3.0","0.0","0.0","15.0",".","0.0",".","0.0","6.0","0.0","0.0","0.0","0.0","0.0","0.0"
"01/01/2014","64.0","Attentats à l’explosif contre des biens publics","0.0","0.0","0.0","0.0","0.0","0.0","0.0","0.0","0.0","0.0","0.0","0.0","0.0","0.0","0.0","0.0","0.0","0.0","0.0","0.0","0.0","0.0","0.0","0.0","0.0","0.0","0.0","0.0","0.0","0.0","0.0","0.0","0.0","0.0","0.0","0.0","0.0","0.0","0.0","0.0","0.0","0.0","0.0","0.0","0.0","0.0","0.0","0.0","0.0","0.0","0.0","0.0","0.0","0.0","0.0","0.0","0.0","0.0","0.0","1.0","0.0","0.0","0.0","0.0","0.0","0.0","0.0","0.0","0.0","0.0","0.0","0.0","0.0","0.0","0.0","0.0","0.0","0.0","0.0","0.0","0.0","0.0","0.0","0.0","0.0","0.0","0.0","0.0","0.0","0.0","0.0","0.0","0.0","0.0","0.0","0.0","0.0","0.0","0.0","0.0",".","0.0",".","0.0","0.0","0.0","0.0","0.0","0.0","0.0","0.0"
"01/01/2014","65.0","Attentats à l’explosif contre des biens privés","0.0","0.0","0.0","0.0","0.0","0.0","0.0","0.0","0.0","0.0","0.0","0.0","0.0","0.0","0.0","0.0","0.0","0.0","0.0","0.0","0.0","0.0","0.0","0.0","0.0","0.0","0.0","0.0","0.0","0.0","0.0","0.0","0.0","0.0","0.0","0.0","0.0","0.0","0.0","0.0","0.0","0.0","0.0","0.0","0.0","0.0","0.0","0.0","0.0","0.0","0.0","0.0","0.0","0.0","0.0","0.0","0.0","0.0","0.0","0.0","0.0","0.0","0.0","0.0","0.0","0.0","0.0","0.0","0.0","0.0","0.0","0.0","0.0","0.0","0.0","0.0","0.0","0.0","0.0","0.0","0.0","0.0","0.0","0.0","0.0","0.0","0.0","0.0","0.0","0.0","0.0","0.0","0.0","3.0","0.0","0.0","0.0","0.0","0.0","0.0",".","0.0",".","0.0","0.0","0.0","0.0","0.0","0.0","0.0","0.0"
"01/01/2014","66.0","Destructions, dégradations de biens publics hors incendie, hors attentat","2.0","3.0","22.0","3.0","2.0","27.0","4.0","6.0","1.0","1.0","12.0","6.0","47.0","11.0","4.0","10.0","25.0","1.0","5.0","10.0","13.0","0.0","6.0","18.0","18.0","3.0","22.0","15.0","5.0","1.0","17.0","40.0","1.0","40.0","39.0","20.0","3.0","5.0","21.0","5.0","9.0","8.0","24.0","5.0","47.0","9.0","0.0","5.0","0.0","11.0","8.0","12.0","2.0","10.0","27.0","0.0","10.0","34.0","3.0","77.0","14.0","12.0","46.0","9.0","9.0","9.0","17.0","50.0","27.0","60.0","4.0","17.0","16.0","13.0","14.0","114.0","50.0","55.0","73.0","4.0","15.0","12.0","6.0","19.0","5.0","11.0","23.0","12.0","3.0","7.0","2.0","24.0","56.0","55.0","42.0","40.0","5.0","7.0","0.0","14.0",".","1.0",".","0.0","13.0","0.0","0.0","0.0","0.0","0.0","0.0"
"01/01/2014","67.0","Destructions, dégradations de biens privés hors incendie, attentat, véhicule","16.0","24.0","40.0","5.0","9.0","198.0","9.0","27.0","4.0","20.0","20.0","9.0","370.0","73.0","12.0","43.0","67.0","10.0","22.0","48.0","20.0","4.0","18.0","61.0","40.0","13.0","32.0","139.0","5.0","8.0","78.0","138.0","5.0","245.0","148.0","123.0","14.0","69.0","81.0","12.0","14.0","19.0","178.0","14.0","258.0","58.0","7.0","22.0","1.0","63.0","34.0","115.0","7.0","17.0","117.0","9.0","34.0","141.0","7.0","581.0","59.0","27.0","178.0","66.0","49.0","12.0","63.0","104.0","113.0","290.0","8.0","23.0","42.0","41.0","59.0","978.0","349.0","184.0","317.0","17.0","37.0","31.0","20.0","79.0","59.0","25.0","24.0","34.0","34.0","23.0","15.0","165.0","342.0","579.0","305.0","269.0","30.0","6.0","21.0","34.0",".","2.0",".","2.0","32.0","0.0","0.0","0.0","0.0","0.0","0.0"
"01/01/2014","68.0","Destructions, dégradations de véhicules privés hors incendie, hors attentat","9.0","26.0","66.0","1.0","3.0","214.0","7.0","18.0","4.0","40.0","37.0","2.0","340.0","70.0","9.0","41.0","203.0","19.0","18.0","72.0","17.0","3.0","13.0","42.0","35.0","3.0","26.0","139.0","49.0","6.0","86.0","89.0","13.0","188.0","146.0","103.0","13.0","97.0","146.0","3.0","23.0","25.0","203.0","5.0","216.0","54.0","5.0","15.0","0.0","64.0","61.0","97.0","2.0","10.0","92.0","7.0","43.0","248.0","13.0","713.0","83.0","26.0","290.0","95.0","76.0","21.0","28.0","127.0","91.0","402.0","2.0","31.0","59.0","59.0","58.0","542.0","288.0","254.0","535.0","5.0","78.0","35.0","16.0","84.0","58.0","28.0","55.0","41.0","31.0","28.0","5.0","151.0","471.0","646.0","420.0","333.0","76.0","2.0","53.0","87.0",".","25.0",".","11.0","88.0","0.0","0.0","0.0","0.0","0.0","0.0"
"01/01/2014","69.0","Infractions aux conditions générales d’entrée et de séjour des étrangers","23.0","0.0","0.0","0.0","18.0","62.0","0.0","0.0","0.0","0.0","1.0","0.0","7.0","0.0","0.0","0.0","0.0","0.0","0.0","0.0","0.0","0.0","1.0","18.0","0.0","0.0","1.0","0.0","0.0","0.0","1.0","1.0","0.0","0.0","0.0","1.0","1.0","0.0","0.0","1.0","1.0","0.0","0.0","0.0","0.0","0.0","0.0","1.0","0.0","0.0","0.0","0.0","3.0","0.0","26.0","0.0","0.0","48.0","0.0","5.0","0.0","0.0","69.0","1.0","60.0","2.0","336.0","62.0","18.0","5.0","0.0","0.0","0.0","197.0","42.0","41.0","2.0","2.0","2.0","0.0","3.0","0.0","0.0","0.0","0.0","1.0","0.0","0.0","0.0","0.0","0.0","15.0","5.0","8.0","0.0","10.0","4.0","0.0","59.0","0.0",".","311.0",".","0.0","0.0","0.0","18.0","0.0","0.0","0.0","0.0"
"01/01/2014","70.0","Aide à l’entrée, à la circulation et au séjour des étrangers","10.0","0.0","0.0","0.0","1.0","4.0","0.0","0.0","0.0","0.0","6.0","0.0","6.0","12.0","0.0","0.0","1.0","0.0","0.0","1.0","0.0","0.0","0.0","1.0","0.0","1.0","0.0","0.0","4.0","0.0","2.0","13.0","0.0","2.0","8.0","3.0","0.0","0.0","2.0","0.0","0.0","0.0","0.0","0.0","3.0","1.0","0.0","0.0","0.0","0.0","1.0","0.0","0.0","0.0","6.0","0.0","0.0","19.0","0.0","17.0","4.0","0.0","47.0","1.0","1.0","0.0","11.0","27.0","3.0","11.0","0.0","2.0","0.0","22.0","6.0","7.0","4.0","10.0","4.0","0.0","0.0","0.0","0.0","2.0","5.0","0.0","0.0","4.0","0.0","0.0","0.0","13.0","0.0","5.0","3.0","4.0","2.0","8.0","26.0","3.0",".","46.0",".","0.0","2.0","0.0","3.0","0.0","0.0","0.0","0.0"
"01/01/2014","71.0","Autres infractions à la police des étrangers","3.0","2.0","0.0","1.0","0.0","52.0","0.0","0.0","0.0","0.0","1.0","0.0","14.0","0.0","0.0","1.0","0.0","0.0","0.0","0.0","1.0","0.0","0.0","0.0","0.0","0.0","0.0","0.0","0.0","1.0","1.0","4.0","0.0","13.0","2.0","1.0","0.0","0.0","0.0","0.0","0.0","0.0","1.0","0.0","4.0","0.0","0.0","0.0","0.0","0.0","1.0","1.0","1.0","1.0","0.0","0.0","0.0","4.0","0.0","2.0","0.0","0.0","1.0","1.0","5.0","1.0","1.0","5.0","2.0","3.0","0.0","0.0","0.0","1.0","0.0","17.0","5.0","20.0","4.0","0.0","2.0","3.0","0.0","2.0","10.0","1.0","1.0","0.0","2.0","0.0","0.0","2.0","6.0","2.0","12.0","60.0","0.0","2.0","0.0","0.0",".","0.0",".","2.0","3.0","0.0","0.0","0.0","0.0","0.0","0.0"
"01/01/2014","72.0","Outrages à dépositaires de l'autorité","13.0","14.0","5.0","1.0","4.0","38.0","2.0","14.0","3.0","3.0","4.0","5.0","75.0","11.0","1.0","5.0","9.0","2.0","6.0","6.0","4.0","2.0","2.0","11.0","8.0","10.0","8.0","6.0","1.0","0.0","23.0","15.0","0.0","30.0","17.0","20.0","3.0","13.0","33.0","1.0","6.0","5.0","39.0","0.0","26.0","17.0","2.0","7.0","0.0","10.0","16.0","14.0","8.0","3.0","24.0","3.0","4.0","32.0","4.0","72.0","18.0","9.0","42.0","10.0","9.0","1.0","7.0","32.0","40.0","88.0","2.0","9.0","16.0","6.0","15.0","112.0","61.0","48.0","68.0","3.0","19.0","4.0","1.0","28.0","30.0","8.0","6.0","4.0","4.0","6.0","2.0","52.0","48.0","128.0","63.0","62.0","9.0","9.0","11.0","6.0",".","3.0",".","4.0","0.0","0.0","0.0","0.0","0.0","0.0","0.0"
"01/01/2014","73.0","Violences à dépositaires de l'autorité","7.0","14.0","7.0","1.0","4.0","63.0","0.0","13.0","1.0","4.0","8.0","6.0","104.0","5.0","0.0","6.0","14.0","2.0","5.0","6.0","4.0","1.0","2.0","10.0","9.0","5.0","11.0","8.0","3.0","2.0","20.0","37.0","1.0","36.0","26.0","18.0","3.0","11.0","24.0","1.0","5.0","7.0","24.0","2.0","53.0","20.0","1.0","5.0","0.0","10.0","10.0","10.0","4.0","4.0","17.0","3.0","10.0","20.0","3.0","96.0","25.0","9.0","41.0","12.0","15.0","0.0","8.0","36.0","44.0","117.0","1.0","14.0","14.0","7.0","8.0","227.0","74.0","52.0","79.0","4.0","18.0","7.0","1.0","24.0","17.0","8.0","8.0","11.0","3.0","1.0","4.0","62.0","59.0","133.0","80.0","73.0","12.0","8.0","7.0","12.0",".","3.0",".","8.0","4.0","0.0","0.0","0.0","0.0","0.0","0.0"
"01/01/2014","74.0","Port ou détention armes prohibées","6.0","14.0","11.0","4.0","1.0","54.0","2.0","5.0","0.0","13.0","6.0","5.0","214.0","4.0","3.0","8.0","16.0","3.0","4.0","14.0","2.0","0.0","1.0","18.0","15.0","8.0","5.0","13.0","2.0","9.0","21.0","60.0","4.0","55.0","51.0","20.0","6.0","9.0","37.0","10.0","3.0","1.0","13.0","3.0","60.0","11.0","3.0","5.0","2.0","20.0","5.0","22.0","10.0","0.0","37.0","7.0","4.0","22.0","6.0","116.0","15.0","5.0","24.0","16.0","15.0","6.0","12.0","25.0","26.0","128.0","2.0","10.0","15.0","11.0","18.0","255.0","35.0","83.0","67.0","2.0","8.0","4.0","4.0","39.0","11.0","4.0","11.0","7.0","5.0","6.0","4.0","40.0","50.0","126.0","79.0","64.0","18.0","25.0","8.0","10.0",".","1.0",".","2.0","1.0","0.0","0.0","0.0","0.0","0.0","0.0"
"01/01/2014","75.0","Atteintes aux intérêts fondamentaux de la Nation","0.0","0.0","0.0","0.0","0.0","0.0","0.0","0.0","0.0","0.0","1.0","0.0","2.0","1.0","0.0","0.0","0.0","0.0","1.0","0.0","0.0","0.0","0.0","0.0","0.0","0.0","0.0","0.0","0.0","0.0","0.0","0.0","0.0","0.0","1.0","0.0","0.0","0.0","0.0","0.0","0.0","0.0","0.0","0.0","0.0","0.0","0.0","0.0","0.0","0.0","0.0","0.0","0.0","0.0","2.0","0.0","0.0","1.0","0.0","1.0","0.0","0.0","0.0","0.0","0.0","0.0","0.0","0.0","1.0","0.0","0.0","1.0","0.0","0.0","0.0","5.0","0.0","0.0","0.0","0.0","1.0","0.0","0.0","1.0","0.0","0.0","0.0","0.0","0.0","0.0","0.0","0.0","0.0","0.0","0.0","1.0","0.0","0.0","0.0","0.0",".","0.0",".","0.0","0.0","0.0","0.0","0.0","0.0","0.0","0.0"
"01/01/2014","76.0","Délits des courses et des jeux","0.0","0.0","0.0","0.0","0.0","0.0","0.0","0.0","0.0","0.0","0.0","0.0","0.0","0.0","0.0","0.0","0.0","0.0","0.0","0.0","0.0","0.0","0.0","0.0","0.0","0.0","0.0","0.0","0.0","0.0","0.0","0.0","0.0","0.0","0.0","0.0","0.0","0.0","0.0","0.0","0.0","0.0","0.0","0.0","0.0","0.0","0.0","0.0","0.0","0.0","0.0","0.0","0.0","0.0","0.0","0.0","0.0","0.0","0.0","0.0","0.0","0.0","0.0","0.0","0.0","0.0","0.0","0.0","0.0","0.0","0.0","0.0","0.0","0.0","0.0","1.0","0.0","0.0","0.0","0.0","0.0","0.0","0.0","0.0","0.0","0.0","0.0","0.0","0.0","0.0","0.0","0.0","0.0","0.0","0.0","0.0","0.0","0.0","0.0","0.0",".","0.0",".","2.0","0.0","0.0","0.0","0.0","0.0","0.0","0.0"
"01/01/2014","77.0","Délits d'interdiction de séjour et de paraître","0.0","0.0","0.0","0.0","0.0","1.0","0.0","0.0","0.0","0.0","0.0","0.0","0.0","0.0","0.0","0.0","0.0","0.0","0.0","0.0","0.0","1.0","0.0","0.0","0.0","0.0","1.0","0.0","0.0","0.0","0.0","1.0","0.0","0.0","0.0","1.0","0.0","0.0","0.0","0.0","0.0","0.0","1.0","1.0","0.0","1.0","0.0","0.0","0.0","0.0","0.0","0.0","0.0","0.0","1.0","0.0","0.0","0.0","0.0","1.0","1.0","0.0","0.0","0.0","0.0","0.0","0.0","1.0","0.0","0.0","0.0","0.0","0.0","0.0","0.0","1.0","0.0","1.0","0.0","0.0","1.0","0.0","0.0","1.0","0.0","0.0","0.0","0.0","0.0","0.0","0.0","0.0","0.0","2.0","1.0","1.0","0.0","0.0","0.0","0.0",".","0.0",".","0.0","0.0","0.0","0.0","0.0","0.0","0.0","0.0"
"01/01/2014","78.0","Destructions, cruautés et autres délits envers les animaux","0.0","1.0","1.0","0.0","0.0","2.0","0.0","0.0","0.0","2.0","0.0","2.0","4.0","2.0","0.0","1.0","0.0","2.0","1.0","1.0","2.0","0.0","0.0","0.0","1.0","0.0","0.0","0.0","1.0","0.0","0.0","2.0","0.0","1.0","2.0","0.0","0.0","1.0","0.0","0.0","0.0","0.0","2.0","1.0","0.0","0.0","0.0","0.0","0.0","1.0","1.0","1.0","0.0","0.0","1.0","0.0","0.0","0.0","0.0","6.0","0.0","2.0","7.0","0.0","2.0","0.0","1.0","0.0","0.0","0.0","0.0","0.0","0.0","0.0","0.0","4.0","1.0","2.0","4.0","0.0","0.0","0.0","0.0","3.0","0.0","0.0","0.0","0.0","1.0","1.0","0.0","0.0","1.0","1.0","0.0","2.0","0.0","0.0","1.0","0.0",".","1.0",".","0.0","0.0","0.0","0.0","0.0","0.0","0.0","0.0"
"01/01/2014","79.0","Atteintes à l’environnement","0.0","0.0","0.0","0.0","0.0","2.0","0.0","0.0","0.0","0.0","0.0","0.0","2.0","0.0","0.0","0.0","1.0","0.0","1.0","0.0","0.0","0.0","0.0","0.0","0.0","0.0","0.0","1.0","0.0","0.0","2.0","1.0","0.0","2.0","1.0","0.0","0.0","0.0","0.0","0.0","0.0","0.0","0.0","0.0","0.0","1.0","0.0","0.0","1.0","0.0","0.0","0.0","0.0","0.0","1.0","0.0","0.0","0.0","0.0","1.0","0.0","0.0","0.0","0.0","0.0","0.0","0.0","1.0","0.0","0.0","0.0","0.0","0.0","0.0","0.0","0.0","0.0","0.0","1.0","0.0","0.0","0.0","0.0","1.0","0.0","0.0","0.0","0.0","0.0","1.0","0.0","0.0","0.0","0.0","0.0","0.0","0.0","0.0","2.0","1.0",".","0.0",".","0.0","0.0","0.0","0.0","0.0","0.0","0.0","0.0"
"01/01/2014","80.0","Chasse et pêche","0.0","0.0","0.0","0.0","0.0","0.0","0.0","0.0","0.0","0.0","0.0","0.0","2.0","0.0","0.0","0.0","0.0","0.0","0.0","0.0","1.0","0.0","0.0","0.0","0.0","0.0","0.0","0.0","0.0","0.0","0.0","0.0","0.0","0.0","0.0","0.0","0.0","0.0","0.0","0.0","0.0","0.0","0.0","0.0","0.0","0.0","0.0","0.0","0.0","0.0","0.0","0.0","0.0","0.0","0.0","0.0","0.0","0.0","0.0","0.0","0.0","0.0","1.0","0.0","0.0","0.0","0.0","0.0","0.0","0.0","0.0","0.0","0.0","0.0","0.0","0.0","2.0","1.0","0.0","0.0","0.0","0.0","0.0","0.0","0.0","0.0","0.0","0.0","0.0","0.0","0.0","0.0","1.0","0.0","0.0","0.0","0.0","0.0","0.0","0.0",".","0.0",".","0.0","0.0","0.0","0.0","0.0","0.0","0.0","0.0"
"01/01/2014","81.0","Faux documents d’identité","6.0","0.0","1.0","0.0","4.0","29.0","0.0","0.0","0.0","0.0","3.0","0.0","7.0","15.0","0.0","0.0","0.0","2.0","0.0","2.0","2.0","0.0","0.0","0.0","0.0","0.0","0.0","0.0","1.0","3.0","4.0","3.0","0.0","2.0","3.0","12.0","0.0","2.0","7.0","0.0","1.0","1.0","2.0","0.0","9.0","2.0","0.0","0.0","0.0","1.0","3.0","1.0","0.0","0.0","1.0","0.0","0.0","4.0","0.0","9.0","2.0","0.0","36.0","0.0","3.0","0.0","13.0","4.0","4.0","12.0","0.0","2.0","0.0","28.0","6.0","57.0","7.0","15.0","9.0","0.0","0.0","0.0","0.0","4.0","6.0","0.0","0.0","0.0","0.0","0.0","0.0","27.0","11.0","9.0","13.0","29.0","1.0","0.0","1.0","1.0",".","65.0",".","0.0","0.0","0.0","1.0","0.0","0.0","0.0","0.0"
"01/01/2014","82.0","Faux documents concernant la circulation des véhicules","2.0","0.0","0.0","0.0","1.0","2.0","0.0","0.0","0.0","0.0","0.0","0.0","4.0","4.0","1.0","0.0","1.0","0.0","0.0","0.0","0.0","0.0","0.0","0.0","0.0","0.0","1.0","0.0","0.0","0.0","1.0","4.0","0.0","6.0","2.0","5.0","0.0","4.0","4.0","1.0","1.0","0.0","1.0","0.0","2.0","1.0","0.0","0.0","0.0","1.0","0.0","1.0","1.0","2.0","1.0","0.0","1.0","11.0","0.0","9.0","2.0","0.0","0.0","3.0","1.0","0.0","0.0","3.0","4.0","11.0","0.0","1.0","1.0","3.0","1.0","44.0","5.0","8.0","8.0","0.0","0.0","0.0","1.0","2.0","0.0","1.0","0.0","2.0","0.0","0.0","1.0","12.0","6.0","15.0","7.0","6.0","1.0","0.0","1.0","0.0",".","0.0",".","1.0","0.0","0.0","0.0","0.0","0.0","0.0","0.0"
"01/01/2014","83.0","Autres faux documents administratifs","0.0","0.0","2.0","0.0","0.0","5.0","0.0","0.0","0.0","0.0","0.0","1.0","6.0","1.0","1.0","1.0","0.0","0.0","0.0","3.0","0.0","0.0","0.0","0.0","1.0","0.0","4.0","0.0","1.0","1.0","1.0","12.0","0.0","6.0","10.0","2.0","0.0","0.0","1.0","1.0","0.0","0.0","1.0","0.0","3.0","4.0","0.0","1.0","0.0","1.0","0.0","1.0","0.0","1.0","4.0","1.0","0.0","2.0","0.0","7.0","6.0","0.0","1.0","0.0","3.0","0.0","1.0","18.0","6.0","6.0","0.0","0.0","0.0","2.0","2.0","22.0","5.0","4.0","11.0","0.0","3.0","3.0","0.0","0.0","1.0","0.0","1.0","2.0","0.0","1.0","1.0","4.0","10.0","8.0","8.0","4.0","2.0","1.0","2.0","0.0",".","0.0",".","0.0","1.0","0.0","1.0","0.0","0.0","0.0","0.0"
"01/01/2014","84.0","Faux en écriture publique et authentique","1.0","0.0","0.0","0.0","2.0","8.0","0.0","0.0","0.0","0.0","0.0","0.0","1.0","0.0","0.0","0.0","0.0","0.0","0.0","1.0","0.0","0.0","0.0","1.0","0.0","1.0","1.0","0.0","3.0","0.0","0.0","1.0","0.0","1.0","2.0","1.0","0.0","1.0","8.0","0.0","1.0","0.0","0.0","0.0","2.0","2.0","0.0","1.0","0.0","0.0","0.0","0.0","0.0","0.0","2.0","0.0","0.0","5.0","0.0","3.0","0.0","1.0","1.0","2.0","1.0","0.0","0.0","1.0","1.0","7.0","0.0","0.0","1.0","0.0","1.0","4.0","1.0","0.0","1.0","0.0","1.0","0.0","0.0","2.0","0.0","0.0","0.0","2.0","0.0","1.0","0.0","3.0","4.0","2.0","6.0","1.0","0.0","1.0","1.0","0.0",".","0.0",".","0.0","0.0","0.0","0.0","0.0","0.0","0.0","0.0"
"01/01/2014","85.0","Autres faux en écriture","2.0","1.0","0.0","1.0","2.0","6.0","0.0","2.0","0.0","1.0","2.0","0.0","21.0","38.0","0.0","2.0","2.0","1.0","1.0","4.0","0.0","0.0","0.0","1.0","1.0","3.0","0.0","0.0","0.0","1.0","2.0","10.0","0.0","9.0","0.0","1.0","0.0","3.0","9.0","2.0","0.0","8.0","6.0","0.0","4.0","0.0","0.0","0.0","0.0","2.0","0.0","1.0","1.0","3.0","3.0","1.0","0.0","1.0","0.0","13.0","2.0","0.0","9.0","4.0","0.0","0.0","4.0","5.0","1.0","15.0","0.0","3.0","0.0","3.0","2.0","55.0","5.0","10.0","13.0","1.0","1.0","0.0","0.0","6.0","4.0","0.0","0.0","2.0","0.0","0.0","0.0","5.0","18.0","12.0","4.0","11.0","0.0","2.0","0.0","1.0",".","0.0",".","1.0","0.0","0.0","0.0","0.0","0.0","0.0","0.0"
"01/01/2014","86.0","Fausse monnaie","0.0","0.0","0.0","0.0","0.0","14.0","0.0","0.0","0.0","3.0","1.0","0.0","1.0","0.0","3.0","0.0","0.0","0.0","0.0","1.0","0.0","0.0","0.0","0.0","0.0","2.0","0.0","1.0","0.0","0.0","0.0","1.0","0.0","0.0","0.0","0.0","1.0","0.0","0.0","0.0","1.0","0.0","2.0","0.0","0.0","0.0","0.0","0.0","0.0","0.0","1.0","0.0","0.0","0.0","4.0","0.0","0.0","1.0","0.0","6.0","1.0","0.0","0.0","0.0","0.0","0.0","0.0","3.0","1.0","6.0","0.0","0.0","1.0","0.0","0.0","11.0","3.0","5.0","8.0","0.0","0.0","0.0","0.0","0.0","0.0","0.0","3.0","0.0","0.0","1.0","1.0","4.0","2.0","6.0","2.0","8.0","0.0","0.0","0.0","0.0",".","0.0",".","0.0","0.0","0.0","0.0","0.0","2.0","0.0","0.0"
"01/01/2014","87.0","Contrefaçons et fraudes industrielles et commerciales","0.0","0.0","0.0","0.0","0.0","1.0","0.0","0.0","0.0","0.0","0.0","0.0","6.0","0.0","0.0","0.0","0.0","0.0","0.0","0.0","0.0","0.0","0.0","1.0","0.0","0.0","0.0","0.0","0.0","0.0","0.0","0.0","0.0","0.0","1.0","0.0","0.0","0.0","0.0","0.0","0.0","0.0","1.0","0.0","1.0","0.0","0.0","0.0","0.0","0.0","1.0","0.0","0.0","1.0","0.0","0.0","0.0","0.0","0.0","2.0","1.0","0.0","0.0","0.0","0.0","1.0","0.0","0.0","1.0","2.0","0.0","1.0","0.0","0.0","10.0","5.0","0.0","0.0","2.0","0.0","0.0","0.0","0.0","0.0","0.0","0.0","0.0","0.0","0.0","0.0","0.0","1.0","1.0","5.0","0.0","8.0","0.0","0.0","0.0","1.0",".","0.0",".","0.0","0.0","0.0","0.0","0.0","0.0","0.0","0.0"
"01/01/2014","88.0","Contrefaçons littéraires et artistiques","0.0","0.0","0.0","0.0","0.0","0.0","0.0","0.0","0.0","0.0","0.0","0.0","0.0","0.0","0.0","0.0","0.0","0.0","0.0","0.0","0.0","0.0","0.0","0.0","0.0","0.0","0.0","0.0","0.0","0.0","0.0","0.0","0.0","0.0","0.0","0.0","0.0","0.0","0.0","0.0","0.0","0.0","0.0","0.0","0.0","0.0","0.0","0.0","0.0","0.0","0.0","0.0","0.0","0.0","0.0","0.0","0.0","0.0","0.0","0.0","0.0","0.0","1.0","0.0","0.0","0.0","0.0","0.0","0.0","0.0","0.0","0.0","0.0","0.0","0.0","3.0","1.0","0.0","0.0","0.0","0.0","0.0","0.0","0.0","0.0","0.0","0.0","0.0","0.0","0.0","0.0","0.0","0.0","0.0","0.0","0.0","0.0","0.0","0.0","0.0",".","0.0",".","0.0","0.0","0.0","0.0","0.0","0.0","0.0","0.0"
"01/01/2014","89.0","Falsification et usages de chèques volés","1.0","37.0","59.0","8.0","10.0","41.0","6.0","6.0","0.0","1.0","7.0","1.0","141.0","21.0","1.0","5.0","31.0","9.0","0.0","11.0","21.0","0.0","5.0","34.0","48.0","5.0","0.0","15.0","1.0","2.0","48.0","39.0","0.0","63.0","32.0","46.0","2.0","52.0","87.0","6.0","0.0","5.0","44.0","12.0","33.0","28.0","5.0","4.0","0.0","40.0","1.0","53.0","11.0","15.0","118.0","3.0","12.0","65.0","1.0","76.0","4.0","19.0","162.0","9.0","30.0","3.0","0.0","2.0","6.0","128.0","2.0","75.0","7.0","2.0","4.0","372.0","108.0","124.0","103.0","8.0","14.0","39.0","7.0","28.0","21.0","3.0","13.0","8.0","5.0","32.0","15.0","63.0","202.0","134.0","129.0","78.0","28.0","6.0","9.0","55.0",".","0.0",".","9.0","17.0","0.0","0.0","0.0","0.0","0.0","0.0"
"01/01/2014","90.0","Falsification et usages de cartes de crédit*","7.0","6.0","8.0","7.0","3.0","129.0","3.0","4.0","1.0","9.0","6.0","2.0","228.0","9.0","1.0","10.0","12.0","14.0","3.0","29.0","6.0","0.0","9.0","18.0","22.0","13.0","8.0","21.0","5.0","0.0","15.0","79.0","6.0","43.0","52.0","44.0","2.0","29.0","53.0","2.0","1.0","7.0","37.0","4.0","8.0","34.0","2.0","7.0","1.0","9.0","5.0","25.0","4.0","7.0","28.0","4.0","6.0","15.0","8.0","106.0","17.0","0.0","38.0","20.0","14.0","6.0","10.0","22.0","13.0","192.0","3.0","11.0","14.0","16.0","8.0","581.0","49.0","73.0","126.0","3.0","14.0","7.0","9.0","50.0","28.0","3.0","24.0","10.0","5.0","12.0","4.0","65.0","235.0","174.0","140.0","118.0","6.0","7.0","7.0","4.0",".","0.0",".","7.0","2.0","0.0","0.0","0.0","0.0","0.0","0.0"
"01/01/2014","91.0","Escroqueries et abus de confiance*","70.0","48.0","48.0","7.0","1.0","207.0","11.0","14.0","6.0","53.0","20.0","26.0","380.0","56.0","5.0","37.0","62.0","44.0","36.0","78.0","22.0","7.0","25.0","48.0","99.0","43.0","53.0","73.0","15.0","22.0","98.0","202.0","6.0","207.0","109.0","69.0","13.0","78.0","93.0","14.0","25.0","36.0","107.0","15.0","144.0","87.0","4.0","20.0","2.0","71.0","31.0","85.0","14.0","18.0","98.0","15.0","32.0","138.0","11.0","463.0","60.0","11.0","175.0","86.0","72.0","21.0","44.0","155.0","66.0","376.0","18.0","67.0","55.0","43.0","52.0","975.0","211.0","281.0","390.0","17.0","17.0","31.0","27.0","148.0","68.0","23.0","50.0","56.0","19.0","29.0","14.0","191.0","535.0","456.0","333.0","334.0","13.0","25.0","12.0","41.0",".","5.0",".","10.0","10.0","0.0","0.0","0.0","0.0","0.0","1.0"
"01/01/2014","92.0","Infractions à la législation sur les chèques","1.0","0.0","0.0","0.0","0.0","3.0","0.0","0.0","0.0","0.0","2.0","0.0","6.0","0.0","0.0","0.0","2.0","0.0","0.0","6.0","1.0","0.0","0.0","2.0","0.0","6.0","0.0","1.0","0.0","0.0","6.0","4.0","0.0","2.0","4.0","3.0","0.0","4.0","29.0","0.0","1.0","1.0","11.0","1.0","0.0","0.0","1.0","0.0","0.0","2.0","1.0","1.0","0.0","1.0","4.0","1.0","4.0","2.0","1.0","20.0","0.0","2.0","1.0","1.0","5.0","1.0","2.0","41.0","1.0","8.0","1.0","4.0","1.0","1.0","0.0","3.0","2.0","3.0","5.0","0.0","2.0","6.0","1.0","2.0","0.0","2.0","1.0","0.0","0.0","0.0","1.0","1.0","5.0","8.0","1.0","6.0","0.0","0.0","1.0","0.0",".","0.0",".","0.0","1.0","0.0","0.0","0.0","0.0","0.0","0.0"
"01/01/2014","93.0","Travail clandestin","3.0","4.0","0.0","0.0","2.0","11.0","0.0","1.0","0.0","3.0","16.0","0.0","21.0","1.0","0.0","1.0","1.0","1.0","0.0","2.0","1.0","0.0","0.0","2.0","0.0","2.0","3.0","0.0","0.0","3.0","5.0","4.0","0.0","10.0","8.0","3.0","0.0","0.0","4.0","0.0","0.0","0.0","5.0","0.0","3.0","4.0","0.0","1.0","0.0","3.0","0.0","1.0","0.0","0.0","4.0","1.0","1.0","2.0","0.0","23.0","1.0","0.0","3.0","5.0","1.0","2.0","8.0","5.0","1.0","14.0","0.0","1.0","1.0","3.0","4.0","102.0","8.0","22.0","15.0","0.0","0.0","0.0","0.0","3.0","6.0","0.0","0.0","3.0","0.0","0.0","0.0","17.0","8.0","21.0","21.0","9.0","8.0","9.0","15.0","2.0",".","0.0",".","1.0","22.0","0.0","1.0","0.0","0.0","0.0","0.0"
"01/01/2014","94.0","Emploi d’étranger sans titre de travail","2.0","1.0","0.0","0.0","1.0","1.0","0.0","0.0","0.0","0.0","0.0","0.0","10.0","0.0","0.0","1.0","1.0","1.0","0.0","0.0","0.0","0.0","0.0","0.0","0.0","0.0","1.0","0.0","3.0","1.0","5.0","5.0","0.0","3.0","5.0","3.0","0.0","0.0","1.0","0.0","0.0","0.0","1.0","0.0","3.0","1.0","0.0","0.0","0.0","0.0","0.0","1.0","0.0","0.0","0.0","0.0","0.0","1.0","0.0","7.0","1.0","0.0","0.0","1.0","0.0","0.0","9.0","2.0","2.0","9.0","0.0","0.0","0.0","3.0","2.0","9.0","1.0","10.0","6.0","0.0","0.0","0.0","0.0","2.0","4.0","0.0","0.0","2.0","0.0","0.0","0.0","13.0","0.0","11.0","3.0","1.0","1.0","7.0","13.0","0.0",".","11.0",".","0.0","1.0","0.0","1.0","0.0","0.0","0.0","0.0"
"01/01/2014","95.0","Marchandage - prêt de main d’œuvre","0.0","0.0","0.0","0.0","0.0","0.0","0.0","0.0","0.0","0.0","0.0","0.0","0.0","0.0","0.0","0.0","0.0","0.0","0.0","0.0","0.0","0.0","0.0","0.0","0.0","0.0","0.0","0.0","0.0","0.0","0.0","0.0","0.0","0.0","0.0","0.0","0.0","0.0","0.0","0.0","0.0","0.0","0.0","0.0","0.0","0.0","0.0","1.0","0.0","0.0","0.0","0.0","0.0","0.0","0.0","0.0","0.0","0.0","0.0","2.0","0.0","0.0","0.0","0.0","0.0","0.0","1.0","0.0","0.0","0.0","0.0","0.0","0.0","1.0","0.0","2.0","0.0","0.0","0.0","0.0","0.0","0.0","0.0","0.0","0.0","0.0","0.0","0.0","0.0","0.0","0.0","0.0","1.0","0.0","0.0","0.0","0.0","0.0","0.0","0.0",".","0.0",".","0.0","0.0","0.0","0.0","0.0","0.0","0.0","0.0"
"01/01/2014","98.0","Banqueroutes, abus de biens sociaux et autres délits de société","0.0","0.0","0.0","0.0","1.0","4.0","0.0","0.0","0.0","0.0","0.0","0.0","1.0","0.0","0.0","0.0","1.0","0.0","0.0","2.0","0.0","0.0","1.0","1.0","1.0","0.0","0.0","0.0","0.0","0.0","1.0","1.0","0.0","3.0","0.0","1.0","0.0","1.0","2.0","0.0","0.0","1.0","0.0","0.0","1.0","3.0","0.0","0.0","0.0","0.0","0.0","0.0","0.0","0.0","3.0","0.0","0.0","0.0","0.0","0.0","0.0","0.0","0.0","0.0","2.0","0.0","3.0","3.0","0.0","1.0","0.0","2.0","0.0","0.0","6.0","18.0","2.0","0.0","0.0","1.0","1.0","1.0","0.0","0.0","0.0","0.0","0.0","0.0","0.0","0.0","0.0","0.0","2.0","1.0","2.0","0.0","1.0","0.0","0.0","0.0",".","0.0",".","0.0","0.0","0.0","0.0","0.0","0.0","0.0","0.0"
"01/01/2014","101.0","Prix illicites, publicité fausse et infractions aux règles de la concurrence","0.0","0.0","0.0","0.0","0.0","1.0","0.0","0.0","0.0","0.0","0.0","0.0","0.0","0.0","0.0","1.0","0.0","0.0","0.0","0.0","0.0","0.0","0.0","0.0","0.0","0.0","0.0","0.0","0.0","0.0","0.0","0.0","0.0","0.0","0.0","0.0","0.0","0.0","0.0","0.0","0.0","0.0","1.0","0.0","0.0","0.0","0.0","0.0","0.0","0.0","0.0","0.0","0.0","0.0","0.0","0.0","0.0","0.0","0.0","2.0","0.0","0.0","0.0","0.0","1.0","0.0","0.0","0.0","0.0","0.0","0.0","0.0","0.0","0.0","1.0","0.0","0.0","1.0","2.0","0.0","0.0","0.0","0.0","0.0","0.0","0.0","0.0","0.0","0.0","0.0","0.0","0.0","1.0","0.0","0.0","0.0","0.0","0.0","0.0","0.0",".","0.0",".","0.0","0.0","0.0","0.0","0.0","0.0","0.0","0.0"
"01/01/2014","102.0","Achats et ventes sans factures","0.0","1.0","0.0","0.0","0.0","0.0","0.0","0.0","0.0","0.0","0.0","0.0","0.0","0.0","0.0","0.0","0.0","0.0","0.0","0.0","0.0","0.0","0.0","0.0","1.0","0.0","0.0","0.0","0.0","0.0","0.0","0.0","0.0","0.0","0.0","0.0","0.0","0.0","0.0","0.0","0.0","0.0","0.0","0.0","0.0","0.0","0.0","0.0","0.0","0.0","0.0","0.0","0.0","0.0","0.0","0.0","0.0","0.0","0.0","0.0","0.0","0.0","0.0","0.0","0.0","0.0","0.0","0.0","0.0","0.0","0.0","0.0","0.0","0.0","0.0","2.0","0.0","0.0","0.0","0.0","0.0","0.0","0.0","0.0","0.0","0.0","0.0","0.0","0.0","0.0","0.0","0.0","0.0","0.0","0.0","0.0","0.0","0.0","0.0","0.0",".","0.0",".","0.0","0.0","0.0","0.0","0.0","0.0","0.0","0.0"
"01/01/2014","103.0","Infractions à l’exercice d’une profession réglementée","1.0","0.0","0.0","0.0","0.0","0.0","0.0","0.0","0.0","0.0","0.0","0.0","1.0","0.0","0.0","0.0","0.0","0.0","0.0","0.0","0.0","0.0","0.0","0.0","0.0","1.0","0.0","0.0","0.0","0.0","0.0","4.0","0.0","0.0","0.0","0.0","0.0","0.0","0.0","0.0","0.0","0.0","1.0","0.0","0.0","0.0","0.0","0.0","0.0","0.0","0.0","0.0","0.0","0.0","1.0","0.0","0.0","1.0","0.0","2.0","1.0","0.0","0.0","0.0","1.0","0.0","0.0","1.0","0.0","1.0","0.0","1.0","0.0","1.0","0.0","16.0","0.0","2.0","3.0","0.0","2.0","0.0","0.0","0.0","0.0","0.0","1.0","0.0","0.0","0.0","0.0","0.0","0.0","3.0","1.0","3.0","1.0","0.0","1.0","0.0",".","0.0",".","0.0","2.0","0.0","0.0","0.0","0.0","0.0","0.0"
"01/01/2014","104.0","Infractions au droit de l’urbanisme et de la construction","0.0","0.0","0.0","0.0","1.0","6.0","1.0","0.0","0.0","0.0","2.0","0.0","8.0","0.0","0.0","0.0","0.0","0.0","0.0","1.0","0.0","0.0","0.0","0.0","0.0","0.0","1.0","0.0","0.0","0.0","0.0","0.0","0.0","0.0","13.0","0.0","0.0","0.0","0.0","0.0","0.0","0.0","0.0","0.0","0.0","1.0","0.0","0.0","0.0","1.0","0.0","0.0","0.0","0.0","1.0","0.0","0.0","0.0","0.0","1.0","0.0","0.0","3.0","0.0","0.0","0.0","0.0","0.0","1.0","0.0","0.0","0.0","0.0","0.0","5.0","0.0","0.0","3.0","0.0","1.0","0.0","0.0","0.0","10.0","0.0","1.0","2.0","0.0","0.0","0.0","0.0","1.0","0.0","0.0","1.0","2.0","0.0","0.0","0.0","0.0",".","0.0",".","0.0","0.0","0.0","0.0","0.0","0.0","0.0","0.0"
"01/01/2014","105.0","Fraudes fiscales","0.0","0.0","0.0","0.0","0.0","1.0","0.0","0.0","0.0","2.0","0.0","0.0","1.0","0.0","0.0","0.0","0.0","0.0","0.0","0.0","0.0","0.0","0.0","0.0","0.0","0.0","0.0","0.0","0.0","0.0","0.0","1.0","0.0","0.0","0.0","0.0","0.0","0.0","0.0","0.0","0.0","1.0","0.0","0.0","0.0","0.0","0.0","0.0","0.0","0.0","0.0","0.0","0.0","0.0","0.0","0.0","0.0","0.0","0.0","0.0","0.0","0.0","1.0","0.0","1.0","0.0","1.0","5.0","1.0","0.0","0.0","0.0","0.0","0.0","0.0","21.0","1.0","1.0","1.0","0.0","0.0","0.0","0.0","0.0","1.0","0.0","0.0","0.0","0.0","0.0","0.0","0.0","2.0","0.0","1.0","1.0","0.0","0.0","0.0","0.0",".","0.0",".","0.0","0.0","0.0","0.0","0.0","0.0","0.0","0.0"
"01/01/2014","106.0","Autres délits économiques et financiers","0.0","0.0","0.0","0.0","0.0","11.0","0.0","0.0","0.0","1.0","4.0","0.0","125.0","1.0","0.0","0.0","0.0","1.0","0.0","0.0","0.0","0.0","0.0","0.0","0.0","0.0","0.0","0.0","1.0","3.0","2.0","18.0","0.0","15.0","6.0","0.0","0.0","2.0","1.0","0.0","1.0","0.0","3.0","0.0","2.0","3.0","0.0","1.0","0.0","1.0","0.0","0.0","0.0","1.0","1.0","0.0","0.0","0.0","0.0","8.0","2.0","1.0","4.0","0.0","0.0","1.0","0.0","6.0","0.0","42.0","0.0","0.0","0.0","2.0","0.0","635.0","2.0","3.0","5.0","2.0","0.0","1.0","0.0","1.0","0.0","0.0","0.0","1.0","0.0","1.0","2.0","7.0","15.0","51.0","7.0","14.0","0.0","0.0","0.0","0.0",".","0.0",".","0.0","5.0","0.0","0.0","0.0","0.0","0.0","0.0"
"01/01/2014","107.0","Autres délits","21.0","30.0","15.0","2.0","8.0","124.0","5.0","8.0","8.0","28.0","18.0","13.0","309.0","44.0","2.0","14.0","31.0","18.0","15.0","32.0","9.0","3.0","2.0","24.0","31.0","33.0","32.0","33.0","12.0","17.0","38.0","136.0","2.0","122.0","76.0","43.0","11.0","26.0","55.0","9.0","13.0","23.0","57.0","3.0","87.0","40.0","7.0","5.0","2.0","31.0","28.0","44.0","11.0","20.0","61.0","10.0","22.0","75.0","10.0","354.0","48.0","11.0","242.0","31.0","38.0","10.0","70.0","63.0","54.0","228.0","11.0","22.0","17.0","16.0","12.0","649.0","152.0","146.0","174.0","12.0","50.0","10.0","14.0","66.0","31.0","22.0","36.0","23.0","19.0","28.0","8.0","163.0","275.0","306.0","205.0","214.0","5.0","11.0","12.0","36.0",".","1.0",".","12.0","13.0","0.0","0.0","1.0","0.0","0.0","0.0"
