"dat","infract","Désignation de l'infraction","Ain","Aisne","Allier","Alpes-de-Haute-Provence","Hautes-Alpes","Alpes-Maritimes","Ardèche","Ardennes","Ariège","Aube","Aude","Aveyron","Bouches-du-Rhône","Calvados","Cantal","Charente","Charente-Maritime","Cher","Corrèze","Côte-d’Or","Côtes-d'Armor","Creuse","Dordogne","Doubs","Drôme","Eure","Eure-et-Loir","Finistère","Corse du Sud","Haute Corse","Gard","Haute-Garonne","Gers","Gironde","Hérault","Ille-et-Vilaine","Indre","Indre-et-Loire","Isère","Jura","Landes","Loir-et-Cher","Loire","Haute-Loire","Loire-Atlantique","Loiret","Lot","Lot-et-Garonne","Lozère","Maine-et-Loire","Manche","Marne","Haute-Marne","Mayenne","Meurthe-et-Moselle","Meuse","Morbihan","Moselle","Nièvre","Nord","Oise","Orne","Pas-de-Calais","Puy-de-Dôme","Pyrénées-Atlantiques","Hautes-Pyrénées","Pyrénées-Orientales","Bas-Rhin","Haut-Rhin","Rhône","Haute-Saône","Saône-et-Loire","Sarthe","Savoie","Haute-Savoie","Paris","Seine-Maritime","Seine-et-Marne","Yvelines","Deux-Sèvres","Somme","Tarn","Tarn-et-Garonne","Var","Vaucluse","Vendée","Vienne","Haute-Vienne","Vosges","Yonne","Territoire-de-Belfort","Essonne","Hauts-de-Seine","Seine-St-Denis","Val-de-Marne","Val-d’Oise","Guadeloupe","Martinique","Guyane","Réunion","Saint Pierre et Miquelon","Mayotte","Wallis et Futuna","Polynésie Française","Nouvelle Calédonie","9G","9H","AC","AE","AT","CJ"
"01/01/2013","1.0","Règlements de compte entre malfaiteurs","0.0","0.0","0.0","0.0","0.0","0.0","0.0","0.0","0.0","0.0","0.0","0.0","0.0","0.0","0.0","0.0","0.0","0.0","0.0","0.0","0.0","0.0","0.0","0.0","0.0","0.0","0.0","0.0","0.0","0.0","0.0","0.0","0.0","0.0","0.0","0.0","0.0","0.0","0.0","0.0","0.0","0.0","0.0","0.0","0.0","0.0","0.0","0.0","0.0","0.0","0.0","0.0","0.0","0.0","0.0","0.0","0.0","0.0","0.0","0.0","0.0","0.0","0.0","0.0","0.0","0.0","0.0","0.0","0.0","0.0","0.0","0.0","0.0","0.0","0.0","0.0","0.0","0.0","0.0","0.0","0.0","0.0","0.0","0.0","0.0","0.0","0.0","0.0","0.0","0.0","0.0","0.0","0.0","0.0","0.0","0.0","0.0","0.0","0.0","0.0","0.0","0.0","0.0","0.0","0.0","0.0","0.0",".",".",".","."
"01/01/2013","2.0","Homicides pour voler et à l’occasion de vols","0.0","0.0","0.0","0.0","0.0","0.0","0.0","0.0","0.0","0.0","0.0","0.0","0.0","0.0","0.0","0.0","0.0","0.0","0.0","0.0","0.0","0.0","0.0","0.0","0.0","0.0","0.0","0.0","0.0","0.0","0.0","0.0","0.0","0.0","0.0","0.0","0.0","0.0","0.0","0.0","0.0","0.0","0.0","0.0","0.0","0.0","0.0","0.0","0.0","0.0","0.0","0.0","0.0","0.0","0.0","0.0","0.0","0.0","0.0","0.0","0.0","0.0","0.0","0.0","0.0","0.0","0.0","0.0","0.0","0.0","0.0","0.0","0.0","0.0","0.0","0.0","0.0","0.0","0.0","0.0","0.0","0.0","0.0","0.0","0.0","0.0","0.0","0.0","0.0","0.0","0.0","0.0","0.0","0.0","0.0","0.0","0.0","0.0","0.0","0.0","0.0","0.0","0.0","0.0","0.0","0.0","0.0",".",".",".","."
"01/01/2013","3.0","Homicides pour d’autres motifs que le vol","0.0","1.0","1.0","0.0","0.0","0.0","0.0","0.0","1.0","0.0","0.0","1.0","2.0","0.0","0.0","0.0","0.0","0.0","0.0","0.0","0.0","0.0","0.0","0.0","0.0","0.0","0.0","0.0","1.0","0.0","4.0","0.0","0.0","2.0","1.0","0.0","0.0","1.0","0.0","0.0","0.0","0.0","0.0","0.0","2.0","0.0","0.0","0.0","0.0","0.0","2.0","0.0","0.0","0.0","1.0","0.0","0.0","0.0","0.0","0.0","0.0","0.0","1.0","0.0","1.0","0.0","0.0","0.0","0.0","0.0","0.0","1.0","0.0","0.0","1.0","0.0","0.0","0.0","0.0","0.0","0.0","0.0","0.0","1.0","2.0","0.0","0.0","0.0","0.0","0.0","0.0","0.0","0.0","0.0","0.0","1.0","0.0","0.0","0.0","0.0","0.0","0.0","0.0","1.0","0.0","0.0","0.0",".",".",".","."
"01/01/2013","4.0","Tentatives d’homicides pour voler et à l’occasion de vols","0.0","0.0","0.0","0.0","0.0","0.0","0.0","0.0","0.0","0.0","0.0","0.0","0.0","0.0","0.0","0.0","0.0","0.0","0.0","0.0","0.0","0.0","0.0","0.0","0.0","0.0","0.0","0.0","0.0","0.0","0.0","0.0","0.0","1.0","0.0","0.0","0.0","0.0","2.0","0.0","0.0","0.0","0.0","0.0","0.0","0.0","0.0","0.0","0.0","0.0","0.0","0.0","0.0","0.0","0.0","0.0","0.0","0.0","0.0","0.0","0.0","0.0","0.0","0.0","0.0","0.0","0.0","0.0","0.0","0.0","0.0","0.0","0.0","0.0","0.0","0.0","0.0","0.0","0.0","0.0","0.0","0.0","0.0","0.0","0.0","0.0","0.0","0.0","0.0","0.0","0.0","0.0","0.0","0.0","0.0","0.0","0.0","0.0","0.0","0.0","0.0","0.0","0.0","0.0","0.0","0.0","0.0",".",".",".","."
"01/01/2013","5.0","Tentatives homicides pour d’autres motifs que le vol","0.0","0.0","0.0","0.0","0.0","1.0","0.0","0.0","1.0","0.0","0.0","0.0","1.0","0.0","0.0","0.0","1.0","0.0","1.0","0.0","0.0","0.0","0.0","1.0","2.0","2.0","0.0","0.0","0.0","4.0","0.0","0.0","0.0","0.0","1.0","2.0","0.0","0.0","0.0","0.0","1.0","0.0","0.0","0.0","0.0","0.0","0.0","0.0","0.0","1.0","0.0","0.0","0.0","0.0","1.0","0.0","0.0","0.0","0.0","0.0","0.0","0.0","0.0","0.0","0.0","0.0","1.0","0.0","0.0","0.0","0.0","0.0","0.0","0.0","0.0","0.0","0.0","0.0","0.0","0.0","1.0","0.0","0.0","3.0","0.0","1.0","1.0","0.0","1.0","0.0","0.0","0.0","0.0","0.0","0.0","1.0","3.0","8.0","1.0","0.0","0.0","1.0","0.0","3.0","1.0","0.0","0.0",".",".",".","."
"01/01/2013","6.0","Coups et blessures volontaires suivis de mort","1.0","0.0","0.0","0.0","0.0","0.0","0.0","0.0","0.0","0.0","0.0","0.0","0.0","0.0","0.0","0.0","0.0","0.0","0.0","0.0","1.0","0.0","0.0","0.0","0.0","0.0","0.0","0.0","0.0","0.0","0.0","0.0","0.0","0.0","0.0","0.0","0.0","0.0","0.0","0.0","0.0","0.0","0.0","0.0","0.0","0.0","0.0","0.0","0.0","1.0","0.0","0.0","0.0","0.0","0.0","0.0","0.0","0.0","0.0","0.0","0.0","0.0","0.0","0.0","0.0","0.0","0.0","0.0","0.0","0.0","0.0","0.0","0.0","0.0","0.0","0.0","0.0","1.0","0.0","0.0","0.0","0.0","0.0","0.0","0.0","0.0","0.0","0.0","0.0","0.0","0.0","0.0","0.0","0.0","0.0","0.0","0.0","0.0","0.0","0.0","0.0","0.0","0.0","1.0","0.0","0.0","0.0",".",".",".","."
"01/01/2013","7.0","Coups et violences volontaires non mortels sur personnes de 15 ans et plus","74.0","72.0","18.0","32.0","9.0","47.0","26.0","36.0","18.0","21.0","21.0","16.0","61.0","56.0","10.0","25.0","59.0","24.0","19.0","34.0","55.0","7.0","44.0","70.0","31.0","88.0","53.0","89.0","13.0","23.0","90.0","97.0","18.0","129.0","114.0","92.0","20.0","42.0","155.0","27.0","38.0","26.0","39.0","22.0","98.0","73.0","14.0","33.0","10.0","52.0","45.0","35.0","21.0","21.0","43.0","27.0","61.0","77.0","25.0","112.0","131.0","22.0","89.0","52.0","20.0","21.0","55.0","106.0","73.0","79.0","32.0","33.0","50.0","60.0","81.0","0.0","65.0","61.0","16.0","32.0","76.0","19.0","10.0","71.0","57.0","71.0","33.0","16.0","32.0","69.0","15.0","47.0","0.0","0.0","0.0","53.0","91.0","108.0","82.0","156.0","1.0","24.0","3.0","104.0","91.0","3.0","34.0",".",".",".","."
"01/01/2013","8.0","Prises d’otages à l’occasion de vols","0.0","0.0","0.0","0.0","0.0","0.0","0.0","0.0","0.0","0.0","0.0","0.0","0.0","0.0","0.0","0.0","0.0","0.0","0.0","0.0","0.0","0.0","0.0","0.0","0.0","0.0","0.0","0.0","0.0","0.0","0.0","0.0","0.0","0.0","0.0","0.0","0.0","0.0","0.0","0.0","0.0","0.0","0.0","0.0","0.0","0.0","0.0","0.0","0.0","0.0","0.0","0.0","0.0","0.0","0.0","0.0","0.0","0.0","0.0","0.0","0.0","0.0","1.0","0.0","1.0","0.0","0.0","0.0","0.0","1.0","0.0","0.0","0.0","0.0","0.0","0.0","0.0","0.0","0.0","0.0","0.0","0.0","0.0","0.0","0.0","0.0","0.0","0.0","0.0","0.0","0.0","0.0","0.0","0.0","0.0","0.0","0.0","0.0","0.0","0.0","0.0","0.0","0.0","0.0","0.0","0.0","0.0",".",".",".","."
"01/01/2013","9.0","Prises d’otages dans un autre but que le vol","0.0","0.0","0.0","0.0","0.0","0.0","0.0","0.0","0.0","0.0","0.0","0.0","0.0","0.0","0.0","0.0","0.0","0.0","0.0","0.0","0.0","0.0","0.0","0.0","0.0","0.0","0.0","0.0","0.0","0.0","0.0","0.0","0.0","0.0","0.0","0.0","0.0","0.0","0.0","0.0","0.0","0.0","0.0","0.0","0.0","0.0","0.0","0.0","0.0","0.0","0.0","0.0","0.0","0.0","0.0","0.0","0.0","0.0","0.0","0.0","0.0","0.0","0.0","0.0","0.0","0.0","0.0","0.0","0.0","0.0","0.0","0.0","0.0","0.0","0.0","0.0","0.0","0.0","0.0","0.0","0.0","0.0","0.0","0.0","0.0","0.0","0.0","0.0","0.0","0.0","0.0","1.0","0.0","0.0","0.0","0.0","0.0","0.0","0.0","0.0","0.0","0.0","0.0","1.0","0.0","0.0","0.0",".",".",".","."
"01/01/2013","10.0","Séquestrations","2.0","0.0","0.0","0.0","0.0","2.0","0.0","0.0","0.0","0.0","0.0","0.0","0.0","0.0","0.0","0.0","1.0","0.0","0.0","0.0","0.0","0.0","0.0","1.0","1.0","0.0","0.0","1.0","0.0","1.0","2.0","1.0","1.0","1.0","2.0","1.0","0.0","1.0","3.0","0.0","0.0","0.0","1.0","0.0","1.0","0.0","1.0","0.0","0.0","0.0","0.0","4.0","0.0","0.0","0.0","0.0","2.0","0.0","0.0","0.0","4.0","0.0","0.0","0.0","0.0","0.0","1.0","0.0","1.0","1.0","0.0","0.0","1.0","1.0","2.0","0.0","1.0","1.0","1.0","0.0","1.0","0.0","1.0","1.0","0.0","2.0","0.0","0.0","0.0","0.0","0.0","0.0","0.0","0.0","0.0","1.0","0.0","1.0","0.0","1.0","0.0","0.0","0.0","0.0","0.0","0.0","0.0",".",".",".","."
"01/01/2013","11.0","Menaces ou chantages pour extorsion de fonds","3.0","2.0","1.0","1.0","0.0","4.0","3.0","1.0","2.0","1.0","0.0","1.0","2.0","3.0","0.0","0.0","6.0","2.0","0.0","2.0","2.0","0.0","1.0","2.0","1.0","0.0","1.0","7.0","1.0","1.0","4.0","5.0","1.0","10.0","8.0","5.0","2.0","5.0","6.0","1.0","1.0","2.0","2.0","1.0","5.0","4.0","0.0","2.0","0.0","1.0","0.0","3.0","3.0","1.0","1.0","1.0","0.0","1.0","3.0","4.0","6.0","0.0","2.0","1.0","3.0","1.0","1.0","8.0","7.0","4.0","0.0","3.0","1.0","1.0","5.0","0.0","2.0","1.0","2.0","3.0","1.0","0.0","2.0","3.0","3.0","2.0","2.0","2.0","0.0","0.0","1.0","9.0","0.0","0.0","0.0","7.0","5.0","1.0","3.0","0.0","0.0","0.0","0.0","0.0","0.0","0.0","0.0",".",".",".","."
"01/01/2013","12.0","Menaces ou chantages dans un autre but que l’extorsion de fonds","40.0","27.0","8.0","13.0","3.0","29.0","17.0","18.0","1.0","9.0","10.0","10.0","27.0","13.0","7.0","10.0","12.0","12.0","6.0","17.0","28.0","2.0","9.0","26.0","17.0","25.0","15.0","34.0","3.0","11.0","36.0","38.0","5.0","47.0","28.0","31.0","8.0","10.0","56.0","18.0","12.0","12.0","16.0","10.0","24.0","32.0","7.0","17.0","2.0","16.0","14.0","15.0","8.0","9.0","14.0","12.0","20.0","36.0","7.0","23.0","56.0","9.0","18.0","25.0","10.0","11.0","20.0","59.0","26.0","36.0","22.0","17.0","20.0","19.0","35.0","0.0","13.0","22.0","11.0","14.0","19.0","3.0","9.0","35.0","16.0","17.0","12.0","8.0","14.0","19.0","3.0","31.0","0.0","0.0","0.0","22.0","57.0","40.0","27.0","45.0","0.0","2.0","0.0","20.0","5.0","4.0","16.0",".",".",".","."
"01/01/2013","13.0","Atteintes à la dignité et à la personnalité","16.0","16.0","8.0","3.0","1.0","7.0","7.0","3.0","1.0","3.0","2.0","3.0","15.0","11.0","0.0","6.0","8.0","5.0","4.0","9.0","12.0","5.0","7.0","5.0","6.0","4.0","8.0","15.0","0.0","2.0","11.0","10.0","3.0","24.0","12.0","11.0","8.0","4.0","22.0","6.0","5.0","4.0","6.0","2.0","12.0","13.0","1.0","9.0","2.0","8.0","7.0","2.0","4.0","6.0","6.0","10.0","1.0","23.0","5.0","14.0","15.0","5.0","12.0","6.0","2.0","4.0","7.0","21.0","9.0","15.0","6.0","7.0","4.0","9.0","8.0","0.0","14.0","9.0","6.0","4.0","12.0","9.0","4.0","10.0","9.0","9.0","4.0","3.0","5.0","5.0","2.0","5.0","0.0","0.0","0.0","5.0","5.0","4.0","9.0","9.0","0.0","0.0","1.0","1.0","1.0","1.0","1.0",".",".",".","."
"01/01/2013","14.0","Violations de domicile","0.0","2.0","0.0","2.0","1.0","5.0","1.0","1.0","1.0","0.0","4.0","1.0","6.0","3.0","1.0","2.0","5.0","0.0","2.0","0.0","6.0","1.0","2.0","0.0","2.0","1.0","1.0","6.0","1.0","1.0","3.0","4.0","0.0","4.0","8.0","4.0","1.0","1.0","7.0","1.0","2.0","1.0","1.0","0.0","4.0","4.0","1.0","4.0","0.0","3.0","2.0","0.0","2.0","2.0","1.0","1.0","2.0","4.0","1.0","2.0","7.0","1.0","4.0","3.0","1.0","0.0","1.0","3.0","1.0","2.0","4.0","3.0","3.0","1.0","1.0","0.0","5.0","3.0","0.0","0.0","3.0","1.0","3.0","5.0","3.0","4.0","3.0","0.0","0.0","1.0","0.0","6.0","0.0","0.0","0.0","5.0","7.0","2.0","5.0","6.0","0.0","0.0","0.0","4.0","1.0","1.0","2.0",".",".",".","."
"01/01/2013","15.0","Vols à main armée contre des établissements financiers","0.0","0.0","0.0","0.0","0.0","0.0","0.0","0.0","0.0","0.0","0.0","0.0","0.0","0.0","0.0","0.0","1.0","0.0","0.0","0.0","0.0","0.0","0.0","0.0","0.0","0.0","0.0","0.0","0.0","0.0","1.0","0.0","0.0","0.0","0.0","1.0","0.0","0.0","0.0","0.0","0.0","0.0","0.0","0.0","0.0","0.0","0.0","0.0","0.0","0.0","0.0","0.0","0.0","0.0","0.0","0.0","0.0","0.0","0.0","0.0","0.0","0.0","0.0","0.0","0.0","0.0","0.0","0.0","0.0","1.0","0.0","0.0","0.0","0.0","0.0","0.0","0.0","0.0","0.0","0.0","0.0","0.0","0.0","0.0","1.0","0.0","0.0","0.0","0.0","0.0","0.0","0.0","0.0","0.0","0.0","0.0","0.0","0.0","0.0","0.0","0.0","0.0","0.0","0.0","0.0","0.0","1.0",".",".",".","."
"01/01/2013","16.0","Vols à main armée contre des établissements industriels ou commerciaux","2.0","0.0","0.0","0.0","1.0","2.0","0.0","0.0","0.0","0.0","0.0","1.0","5.0","0.0","0.0","0.0","0.0","0.0","0.0","1.0","0.0","0.0","1.0","0.0","2.0","2.0","0.0","0.0","0.0","0.0","2.0","5.0","0.0","1.0","1.0","0.0","0.0","0.0","4.0","1.0","0.0","1.0","1.0","0.0","4.0","1.0","0.0","0.0","0.0","0.0","0.0","0.0","0.0","0.0","1.0","0.0","1.0","1.0","0.0","2.0","4.0","0.0","0.0","1.0","0.0","1.0","2.0","4.0","1.0","1.0","0.0","0.0","0.0","3.0","3.0","0.0","0.0","2.0","0.0","0.0","0.0","0.0","0.0","1.0","6.0","0.0","1.0","0.0","0.0","1.0","2.0","0.0","0.0","0.0","0.0","3.0","3.0","3.0","0.0","0.0","0.0","0.0","0.0","0.0","0.0","0.0","3.0",".",".",".","."
"01/01/2013","17.0","Vols à main armée contre des entreprises de transports de fonds","0.0","0.0","0.0","0.0","0.0","0.0","0.0","0.0","0.0","0.0","0.0","0.0","0.0","0.0","0.0","0.0","0.0","0.0","0.0","0.0","0.0","0.0","0.0","0.0","0.0","0.0","0.0","0.0","0.0","0.0","0.0","0.0","0.0","0.0","0.0","0.0","0.0","0.0","0.0","0.0","0.0","0.0","0.0","0.0","0.0","0.0","0.0","0.0","0.0","0.0","0.0","0.0","0.0","0.0","0.0","0.0","0.0","0.0","0.0","0.0","0.0","0.0","0.0","0.0","0.0","0.0","0.0","0.0","0.0","0.0","0.0","0.0","0.0","0.0","0.0","0.0","0.0","0.0","0.0","0.0","0.0","0.0","0.0","0.0","0.0","0.0","0.0","0.0","0.0","0.0","0.0","0.0","0.0","0.0","0.0","0.0","0.0","0.0","0.0","0.0","0.0","0.0","0.0","0.0","0.0","0.0","0.0",".",".",".","."
"01/01/2013","18.0","Vols à main armée contre des particuliers à leur domicile","0.0","0.0","0.0","0.0","0.0","0.0","0.0","0.0","0.0","0.0","0.0","0.0","3.0","0.0","0.0","0.0","0.0","0.0","0.0","0.0","0.0","0.0","0.0","0.0","0.0","0.0","0.0","0.0","0.0","1.0","0.0","1.0","0.0","0.0","3.0","1.0","0.0","0.0","3.0","0.0","0.0","1.0","0.0","0.0","1.0","1.0","0.0","0.0","0.0","0.0","0.0","0.0","0.0","0.0","0.0","0.0","0.0","0.0","0.0","0.0","0.0","0.0","0.0","1.0","0.0","0.0","0.0","0.0","0.0","1.0","0.0","0.0","0.0","0.0","3.0","0.0","1.0","1.0","0.0","0.0","0.0","0.0","0.0","1.0","2.0","0.0","0.0","0.0","0.0","0.0","0.0","1.0","0.0","0.0","0.0","0.0","2.0","0.0","0.0","0.0","0.0","0.0","0.0","0.0","0.0","0.0","0.0",".",".",".","."
"01/01/2013","19.0","Autres vols à main armée","1.0","0.0","0.0","0.0","0.0","1.0","0.0","0.0","0.0","0.0","0.0","0.0","5.0","0.0","0.0","0.0","0.0","0.0","0.0","0.0","0.0","0.0","0.0","0.0","0.0","0.0","2.0","0.0","0.0","0.0","0.0","1.0","0.0","0.0","2.0","0.0","0.0","0.0","2.0","0.0","0.0","0.0","0.0","0.0","0.0","0.0","0.0","0.0","0.0","0.0","0.0","0.0","0.0","0.0","0.0","0.0","0.0","0.0","0.0","0.0","1.0","0.0","0.0","0.0","0.0","0.0","1.0","0.0","1.0","1.0","0.0","0.0","0.0","0.0","0.0","0.0","0.0","0.0","2.0","0.0","0.0","0.0","0.0","0.0","2.0","0.0","0.0","0.0","0.0","0.0","0.0","2.0","0.0","0.0","0.0","1.0","18.0","6.0","3.0","0.0","0.0","0.0","0.0","0.0","0.0","0.0","2.0",".",".",".","."
"01/01/2013","20.0","Vols avec armes blanches contre des établissements financiers, commerciaux ou industriels","0.0","0.0","0.0","0.0","0.0","0.0","0.0","0.0","0.0","0.0","0.0","0.0","1.0","1.0","0.0","0.0","0.0","0.0","0.0","0.0","0.0","0.0","0.0","1.0","0.0","2.0","0.0","0.0","0.0","0.0","1.0","1.0","0.0","0.0","0.0","0.0","0.0","0.0","0.0","1.0","1.0","0.0","1.0","0.0","1.0","2.0","0.0","0.0","0.0","0.0","0.0","0.0","1.0","0.0","0.0","0.0","0.0","2.0","0.0","1.0","3.0","0.0","1.0","0.0","0.0","0.0","2.0","2.0","2.0","0.0","1.0","1.0","0.0","0.0","0.0","0.0","0.0","1.0","0.0","0.0","0.0","0.0","0.0","0.0","1.0","0.0","0.0","0.0","0.0","0.0","0.0","1.0","0.0","0.0","0.0","0.0","1.0","0.0","0.0","1.0","0.0","1.0","0.0","0.0","0.0","0.0","0.0",".",".",".","."
"01/01/2013","21.0","Vols avec armes blanches contre des particuliers à leur domicile","1.0","0.0","0.0","0.0","0.0","1.0","0.0","0.0","0.0","0.0","0.0","0.0","1.0","1.0","0.0","0.0","0.0","0.0","0.0","0.0","0.0","0.0","0.0","0.0","0.0","0.0","0.0","0.0","0.0","0.0","2.0","0.0","0.0","0.0","0.0","1.0","0.0","2.0","0.0","0.0","0.0","0.0","0.0","1.0","0.0","0.0","0.0","0.0","0.0","0.0","0.0","0.0","0.0","0.0","0.0","0.0","0.0","1.0","0.0","0.0","1.0","1.0","0.0","0.0","0.0","0.0","0.0","0.0","0.0","0.0","0.0","0.0","0.0","0.0","1.0","0.0","0.0","0.0","0.0","0.0","1.0","0.0","0.0","0.0","0.0","0.0","0.0","0.0","0.0","0.0","0.0","0.0","0.0","0.0","0.0","0.0","0.0","0.0","1.0","1.0","0.0","1.0","0.0","0.0","1.0","0.0","0.0",".",".",".","."
"01/01/2013","22.0","Autres vols avec armes blanches","0.0","0.0","0.0","0.0","0.0","1.0","0.0","0.0","0.0","0.0","0.0","0.0","2.0","1.0","0.0","0.0","0.0","0.0","0.0","0.0","1.0","0.0","0.0","0.0","0.0","4.0","1.0","0.0","1.0","0.0","2.0","3.0","0.0","1.0","5.0","1.0","0.0","0.0","3.0","0.0","0.0","0.0","0.0","0.0","0.0","0.0","0.0","0.0","0.0","1.0","0.0","0.0","0.0","0.0","2.0","0.0","1.0","2.0","0.0","1.0","2.0","0.0","1.0","0.0","0.0","0.0","1.0","1.0","2.0","2.0","0.0","2.0","1.0","0.0","4.0","0.0","0.0","5.0","1.0","0.0","0.0","1.0","0.0","0.0","2.0","0.0","0.0","0.0","0.0","0.0","0.0","4.0","0.0","0.0","0.0","3.0","7.0","2.0","6.0","1.0","0.0","3.0","0.0","0.0","0.0","0.0","1.0",".",".",".","."
"01/01/2013","23.0","Vols violents sans arme contre des établissements financiers, commerciaux ou industriels","0.0","0.0","0.0","0.0","0.0","0.0","0.0","0.0","0.0","0.0","0.0","0.0","0.0","0.0","0.0","1.0","0.0","0.0","0.0","0.0","0.0","0.0","0.0","0.0","0.0","0.0","0.0","1.0","0.0","0.0","0.0","1.0","0.0","1.0","0.0","0.0","0.0","0.0","1.0","0.0","0.0","0.0","3.0","0.0","0.0","0.0","0.0","0.0","0.0","0.0","0.0","0.0","0.0","0.0","0.0","1.0","0.0","0.0","0.0","0.0","1.0","0.0","0.0","1.0","0.0","0.0","1.0","2.0","1.0","0.0","0.0","0.0","0.0","0.0","0.0","0.0","1.0","0.0","0.0","0.0","1.0","1.0","0.0","0.0","0.0","0.0","0.0","0.0","0.0","1.0","0.0","1.0","0.0","0.0","0.0","0.0","0.0","1.0","0.0","1.0","0.0","0.0","0.0","0.0","0.0","0.0","0.0",".",".",".","."
"01/01/2013","24.0","Vols violents sans arme contre des particuliers à leur domicile","0.0","0.0","0.0","0.0","0.0","0.0","1.0","2.0","0.0","0.0","1.0","0.0","0.0","0.0","0.0","1.0","1.0","1.0","1.0","1.0","0.0","0.0","0.0","0.0","2.0","0.0","1.0","0.0","0.0","0.0","2.0","2.0","0.0","2.0","2.0","0.0","0.0","2.0","1.0","0.0","0.0","0.0","0.0","0.0","2.0","1.0","0.0","1.0","0.0","2.0","1.0","0.0","1.0","0.0","0.0","0.0","1.0","1.0","0.0","1.0","1.0","0.0","0.0","0.0","0.0","1.0","2.0","0.0","0.0","3.0","0.0","0.0","2.0","0.0","0.0","0.0","0.0","2.0","0.0","0.0","1.0","2.0","0.0","1.0","0.0","0.0","0.0","0.0","0.0","1.0","1.0","0.0","0.0","0.0","0.0","0.0","1.0","1.0","1.0","1.0","0.0","0.0","0.0","2.0","0.0","0.0","0.0",".",".",".","."
"01/01/2013","25.0","Vols violents sans arme contre des femmes sur voie publique ou autre lieu public","0.0","0.0","0.0","0.0","0.0","7.0","3.0","0.0","0.0","0.0","1.0","0.0","18.0","1.0","0.0","1.0","3.0","0.0","0.0","1.0","4.0","0.0","0.0","1.0","3.0","3.0","1.0","2.0","0.0","2.0","11.0","21.0","1.0","7.0","10.0","0.0","0.0","0.0","7.0","0.0","0.0","2.0","0.0","0.0","4.0","0.0","0.0","4.0","0.0","3.0","0.0","1.0","0.0","1.0","1.0","1.0","1.0","1.0","2.0","2.0","13.0","1.0","1.0","1.0","2.0","0.0","8.0","3.0","2.0","5.0","0.0","3.0","1.0","1.0","10.0","0.0","0.0","5.0","4.0","0.0","0.0","2.0","4.0","5.0","3.0","2.0","0.0","0.0","1.0","0.0","0.0","11.0","0.0","0.0","0.0","16.0","13.0","16.0","12.0","4.0","0.0","0.0","0.0","0.0","1.0","0.0","5.0",".",".",".","."
"01/01/2013","26.0","Vols violents sans arme contre d’autres victimes","4.0","4.0","2.0","0.0","0.0","2.0","0.0","0.0","2.0","0.0","2.0","1.0","8.0","4.0","0.0","1.0","3.0","0.0","0.0","2.0","3.0","0.0","0.0","3.0","2.0","4.0","3.0","6.0","3.0","1.0","6.0","15.0","1.0","8.0","12.0","6.0","0.0","2.0","9.0","0.0","2.0","0.0","2.0","0.0","7.0","7.0","0.0","2.0","0.0","1.0","0.0","1.0","1.0","1.0","3.0","1.0","1.0","0.0","1.0","4.0","13.0","1.0","3.0","1.0","2.0","2.0","2.0","3.0","2.0","9.0","2.0","6.0","2.0","7.0","16.0","0.0","3.0","10.0","4.0","0.0","3.0","4.0","0.0","11.0","3.0","3.0","0.0","1.0","1.0","2.0","0.0","14.0","0.0","0.0","0.0","11.0","18.0","16.0","14.0","15.0","0.0","3.0","0.0","2.0","0.0","0.0","3.0",".",".",".","."
"01/01/2013","27.0","Cambriolages de locaux d’habitation principale","179.0","152.0","47.0","21.0","3.0","84.0","58.0","23.0","37.0","51.0","82.0","14.0","261.0","68.0","4.0","57.0","109.0","42.0","13.0","55.0","53.0","6.0","37.0","79.0","162.0","183.0","107.0","88.0","7.0","15.0","198.0","332.0","30.0","319.0","203.0","123.0","27.0","105.0","411.0","27.0","37.0","57.0","67.0","25.0","303.0","122.0","14.0","48.0","1.0","98.0","8.0","120.0","26.0","53.0","76.0","36.0","148.0","143.0","55.0","186.0","266.0","19.0","78.0","59.0","17.0","13.0","122.0","106.0","96.0","272.0","44.0","85.0","78.0","79.0","191.0","0.0","70.0","187.0","212.0","33.0","93.0","52.0","53.0","128.0","134.0","97.0","36.0","25.0","35.0","105.0","10.0","181.0","0.0","0.0","1.0","144.0","163.0","122.0","97.0","47.0","0.0","30.0","1.0","43.0","66.0","1.0","22.0",".",".",".","."
"01/01/2013","28.0","Cambriolages de résidences secondaires","9.0","7.0","7.0","9.0","5.0","20.0","11.0","4.0","6.0","4.0","10.0","4.0","21.0","12.0","2.0","7.0","31.0","13.0","0.0","9.0","15.0","0.0","21.0","5.0","13.0","13.0","16.0","19.0","17.0","8.0","33.0","12.0","5.0","35.0","25.0","10.0","4.0","9.0","13.0","2.0","12.0","19.0","5.0","9.0","25.0","20.0","2.0","5.0","1.0","11.0","7.0","4.0","0.0","3.0","5.0","2.0","19.0","4.0","11.0","5.0","16.0","10.0","5.0","1.0","5.0","5.0","26.0","6.0","4.0","5.0","5.0","8.0","10.0","12.0","49.0","0.0","2.0","15.0","21.0","8.0","12.0","9.0","15.0","34.0","26.0","10.0","3.0","6.0","2.0","23.0","0.0","4.0","0.0","0.0","0.0","5.0","6.0","5.0","3.0","5.0","0.0","0.0","0.0","3.0","4.0","0.0","0.0",".",".",".","."
"01/01/2013","29.0","Cambriolages de  locaux industriels, commerciaux ou financiers","47.0","22.0","8.0","9.0","10.0","19.0","25.0","17.0","14.0","16.0","14.0","16.0","36.0","15.0","10.0","20.0","35.0","16.0","13.0","35.0","22.0","6.0","16.0","36.0","41.0","39.0","32.0","37.0","2.0","7.0","41.0","46.0","12.0","53.0","49.0","51.0","7.0","23.0","83.0","11.0","20.0","20.0","20.0","24.0","100.0","40.0","13.0","18.0","3.0","49.0","7.0","22.0","5.0","19.0","14.0","15.0","54.0","38.0","22.0","42.0","35.0","14.0","24.0","15.0","22.0","10.0","17.0","26.0","23.0","58.0","17.0","28.0","20.0","40.0","72.0","0.0","15.0","12.0","4.0","21.0","21.0","11.0","13.0","39.0","19.0","38.0","9.0","5.0","18.0","30.0","3.0","20.0","0.0","0.0","0.0","11.0","41.0","9.0","20.0","30.0","0.0","5.0","0.0","10.0","8.0","1.0","9.0",".",".",".","."
"01/01/2013","30.0","Cambriolages d’autres lieux","23.0","23.0","9.0","8.0","6.0","16.0","16.0","7.0","9.0","14.0","9.0","6.0","26.0","18.0","3.0","18.0","28.0","18.0","6.0","12.0","26.0","2.0","17.0","15.0","19.0","37.0","12.0","29.0","4.0","9.0","25.0","61.0","6.0","50.0","46.0","45.0","8.0","33.0","46.0","6.0","21.0","9.0","11.0","13.0","96.0","18.0","5.0","10.0","1.0","60.0","12.0","16.0","9.0","16.0","15.0","11.0","31.0","17.0","10.0","25.0","28.0","7.0","13.0","24.0","13.0","5.0","20.0","34.0","19.0","33.0","8.0","17.0","29.0","29.0","33.0","0.0","18.0","13.0","8.0","19.0","17.0","6.0","20.0","21.0","17.0","32.0","19.0","7.0","12.0","29.0","0.0","15.0","0.0","0.0","0.0","3.0","12.0","15.0","12.0","18.0","0.0","6.0","0.0","14.0","6.0","0.0","5.0",".",".",".","."
"01/01/2013","31.0","Vols avec entrée par ruse en tous lieux","3.0","2.0","1.0","2.0","0.0","5.0","0.0","1.0","1.0","1.0","0.0","2.0","3.0","3.0","0.0","1.0","0.0","0.0","2.0","1.0","1.0","1.0","4.0","0.0","1.0","3.0","4.0","13.0","0.0","0.0","3.0","2.0","2.0","5.0","3.0","5.0","1.0","2.0","4.0","1.0","2.0","0.0","2.0","4.0","3.0","3.0","1.0","3.0","0.0","3.0","0.0","2.0","1.0","1.0","3.0","1.0","5.0","2.0","1.0","4.0","1.0","0.0","2.0","2.0","3.0","1.0","2.0","4.0","0.0","6.0","0.0","2.0","1.0","1.0","9.0","0.0","3.0","3.0","0.0","3.0","1.0","0.0","0.0","2.0","3.0","4.0","1.0","1.0","0.0","2.0","1.0","2.0","0.0","0.0","0.0","4.0","0.0","2.0","9.0","2.0","0.0","0.0","0.0","0.0","2.0","0.0","2.0",".",".",".","."
"01/01/2013","32.0","Vols à la tire","21.0","17.0","4.0","14.0","1.0","78.0","7.0","2.0","16.0","10.0","6.0","4.0","72.0","18.0","0.0","11.0","15.0","10.0","2.0","4.0","10.0","2.0","10.0","11.0","7.0","27.0","6.0","22.0","3.0","2.0","28.0","99.0","4.0","79.0","63.0","41.0","6.0","24.0","38.0","13.0","13.0","6.0","16.0","10.0","72.0","11.0","4.0","20.0","0.0","15.0","7.0","9.0","2.0","6.0","9.0","7.0","23.0","27.0","3.0","28.0","34.0","4.0","12.0","9.0","21.0","5.0","25.0","12.0","17.0","51.0","8.0","16.0","10.0","28.0","49.0","1.0","16.0","35.0","31.0","17.0","18.0","9.0","10.0","28.0","27.0","33.0","6.0","2.0","10.0","5.0","3.0","43.0","0.0","0.0","1.0","57.0","3.0","22.0","12.0","23.0","0.0","1.0","0.0","0.0","2.0","0.0","1.0",".",".",".","."
"01/01/2013","33.0","Vols à l’étalage","32.0","26.0","5.0","2.0","7.0","22.0","7.0","9.0","4.0","9.0","6.0","5.0","7.0","15.0","4.0","7.0","10.0","7.0","1.0","11.0","17.0","0.0","8.0","12.0","9.0","20.0","10.0","24.0","2.0","1.0","9.0","29.0","3.0","40.0","20.0","37.0","8.0","11.0","25.0","4.0","5.0","6.0","9.0","7.0","32.0","7.0","2.0","7.0","0.0","9.0","6.0","1.0","3.0","7.0","5.0","2.0","17.0","19.0","2.0","14.0","28.0","5.0","18.0","8.0","7.0","1.0","10.0","19.0","8.0","30.0","4.0","6.0","18.0","19.0","30.0","0.0","14.0","7.0","6.0","13.0","5.0","5.0","3.0","13.0","8.0","17.0","5.0","5.0","18.0","6.0","5.0","23.0","0.0","0.0","0.0","7.0","3.0","8.0","4.0","14.0","0.0","0.0","0.0","3.0","1.0","0.0","1.0",".",".",".","."
"01/01/2013","34.0","Vols de véhicules de transport avec fret","0.0","0.0","0.0","0.0","0.0","0.0","0.0","0.0","0.0","0.0","0.0","0.0","0.0","0.0","0.0","0.0","0.0","0.0","0.0","0.0","0.0","0.0","0.0","0.0","0.0","0.0","2.0","0.0","0.0","0.0","1.0","1.0","0.0","0.0","0.0","0.0","0.0","0.0","1.0","0.0","0.0","0.0","0.0","0.0","1.0","0.0","0.0","0.0","0.0","0.0","0.0","0.0","0.0","0.0","0.0","0.0","1.0","0.0","0.0","0.0","0.0","0.0","0.0","0.0","0.0","0.0","0.0","0.0","0.0","0.0","0.0","0.0","0.0","0.0","0.0","0.0","2.0","0.0","1.0","0.0","0.0","0.0","0.0","0.0","0.0","0.0","0.0","0.0","0.0","0.0","0.0","0.0","0.0","0.0","0.0","0.0","0.0","0.0","0.0","0.0","0.0","0.0","0.0","0.0","0.0","0.0","0.0",".",".",".","."
"01/01/2013","35.0","Vols d’automobiles","63.0","40.0","9.0","11.0","7.0","37.0","40.0","11.0","9.0","12.0","23.0","3.0","128.0","18.0","5.0","16.0","35.0","14.0","3.0","19.0","20.0","2.0","6.0","23.0","50.0","83.0","42.0","24.0","8.0","13.0","89.0","82.0","12.0","82.0","114.0","32.0","11.0","34.0","155.0","9.0","19.0","25.0","31.0","13.0","146.0","44.0","1.0","11.0","1.0","22.0","7.0","33.0","16.0","2.0","15.0","17.0","29.0","23.0","16.0","70.0","181.0","14.0","36.0","35.0","21.0","4.0","53.0","16.0","24.0","72.0","8.0","24.0","28.0","36.0","53.0","0.0","37.0","101.0","73.0","31.0","49.0","13.0","17.0","74.0","76.0","39.0","8.0","3.0","18.0","31.0","1.0","113.0","0.0","0.0","0.0","84.0","28.0","11.0","11.0","33.0","0.0","5.0","0.0","3.0","39.0","6.0","33.0",".",".",".","."
"01/01/2013","36.0","Vols de véhicules motorisés à 2 roues","14.0","8.0","3.0","3.0","0.0","46.0","16.0","6.0","3.0","5.0","9.0","1.0","28.0","17.0","1.0","3.0","15.0","8.0","1.0","8.0","20.0","1.0","17.0","3.0","6.0","26.0","8.0","17.0","3.0","5.0","18.0","18.0","3.0","30.0","31.0","15.0","7.0","5.0","22.0","1.0","4.0","3.0","6.0","2.0","37.0","6.0","4.0","6.0","0.0","11.0","7.0","6.0","1.0","0.0","2.0","2.0","17.0","5.0","5.0","17.0","18.0","3.0","11.0","3.0","9.0","3.0","17.0","13.0","10.0","16.0","7.0","9.0","8.0","5.0","22.0","0.0","6.0","7.0","3.0","7.0","12.0","1.0","4.0","39.0","21.0","25.0","6.0","2.0","2.0","11.0","1.0","8.0","0.0","0.0","0.0","5.0","27.0","4.0","9.0","30.0","0.0","8.0","0.0","2.0","1.0","1.0","7.0",".",".",".","."
"01/01/2013","37.0","Vols à la roulotte","97.0","44.0","17.0","30.0","22.0","126.0","46.0","43.0","12.0","16.0","35.0","2.0","216.0","24.0","1.0","25.0","61.0","17.0","13.0","45.0","39.0","4.0","24.0","35.0","91.0","80.0","32.0","102.0","7.0","8.0","158.0","225.0","11.0","130.0","283.0","106.0","28.0","44.0","255.0","22.0","43.0","14.0","48.0","15.0","225.0","55.0","17.0","21.0","6.0","55.0","13.0","91.0","13.0","16.0","44.0","13.0","86.0","71.0","30.0","103.0","166.0","21.0","38.0","41.0","31.0","16.0","95.0","42.0","70.0","180.0","17.0","52.0","49.0","99.0","95.0","0.0","63.0","64.0","65.0","15.0","46.0","17.0","35.0","137.0","94.0","80.0","16.0","7.0","15.0","31.0","9.0","115.0","0.0","0.0","0.0","85.0","67.0","64.0","69.0","50.0","0.0","10.0","1.0","22.0","19.0","2.0","37.0",".",".",".","."
"01/01/2013","38.0","Vols d’accessoires sur véhicules à moteur immatriculés","75.0","39.0","12.0","11.0","3.0","42.0","36.0","12.0","12.0","27.0","22.0","13.0","90.0","19.0","4.0","18.0","29.0","9.0","9.0","55.0","27.0","10.0","24.0","30.0","42.0","44.0","29.0","43.0","2.0","12.0","105.0","97.0","5.0","77.0","84.0","120.0","12.0","32.0","123.0","18.0","27.0","19.0","41.0","3.0","155.0","33.0","6.0","13.0","12.0","58.0","19.0","44.0","21.0","15.0","40.0","25.0","42.0","64.0","23.0","69.0","90.0","16.0","24.0","26.0","16.0","11.0","56.0","48.0","37.0","85.0","20.0","56.0","56.0","35.0","71.0","0.0","34.0","47.0","56.0","17.0","22.0","20.0","9.0","44.0","37.0","46.0","19.0","7.0","26.0","27.0","6.0","69.0","0.0","0.0","0.0","45.0","30.0","11.0","7.0","27.0","0.0","3.0","0.0","0.0","5.0","2.0","14.0",".",".",".","."
"01/01/2013","39.0","Vols simples sur chantier","5.0","9.0","1.0","3.0","0.0","9.0","2.0","4.0","1.0","3.0","5.0","1.0","15.0","6.0","1.0","7.0","11.0","0.0","2.0","6.0","9.0","1.0","12.0","3.0","10.0","12.0","4.0","7.0","2.0","1.0","17.0","13.0","1.0","35.0","29.0","15.0","0.0","13.0","26.0","3.0","6.0","3.0","10.0","1.0","19.0","13.0","3.0","5.0","0.0","7.0","1.0","7.0","2.0","3.0","2.0","1.0","8.0","2.0","4.0","7.0","9.0","3.0","7.0","8.0","6.0","3.0","23.0","12.0","5.0","17.0","4.0","6.0","8.0","4.0","11.0","1.0","12.0","7.0","2.0","7.0","4.0","3.0","2.0","12.0","6.0","12.0","6.0","4.0","5.0","4.0","0.0","6.0","0.0","0.0","0.0","5.0","10.0","3.0","9.0","5.0","0.0","0.0","0.0","0.0","5.0","0.0","1.0",".",".",".","."
"01/01/2013","40.0","Vols simples sur exploitations agricoles","4.0","9.0","4.0","1.0","1.0","0.0","2.0","3.0","3.0","5.0","4.0","6.0","12.0","10.0","1.0","7.0","14.0","11.0","5.0","7.0","6.0","4.0","8.0","3.0","29.0","6.0","6.0","9.0","1.0","1.0","21.0","7.0","1.0","14.0","19.0","8.0","2.0","10.0","6.0","7.0","3.0","11.0","4.0","7.0","11.0","12.0","3.0","5.0","1.0","14.0","5.0","15.0","4.0","2.0","1.0","1.0","14.0","9.0","4.0","3.0","11.0","2.0","7.0","17.0","2.0","5.0","10.0","4.0","7.0","5.0","5.0","10.0","4.0","0.0","1.0","0.0","8.0","5.0","2.0","15.0","7.0","6.0","6.0","9.0","12.0","6.0","3.0","7.0","4.0","15.0","0.0","0.0","0.0","0.0","0.0","1.0","12.0","3.0","3.0","6.0","0.0","1.0","0.0","1.0","9.0","0.0","0.0",".",".",".","."
"01/01/2013","41.0","Autres vols simples contre des établissements publics ou privés","36.0","21.0","7.0","9.0","10.0","34.0","20.0","12.0","9.0","11.0","20.0","7.0","56.0","16.0","4.0","17.0","22.0","8.0","4.0","26.0","29.0","4.0","13.0","20.0","28.0","39.0","15.0","34.0","4.0","9.0","52.0","80.0","19.0","66.0","76.0","55.0","7.0","38.0","98.0","13.0","34.0","32.0","16.0","7.0","92.0","37.0","13.0","26.0","1.0","43.0","6.0","23.0","5.0","14.0","12.0","6.0","44.0","34.0","16.0","45.0","48.0","8.0","19.0","20.0","29.0","14.0","28.0","42.0","20.0","50.0","22.0","35.0","28.0","85.0","53.0","1.0","26.0","26.0","9.0","22.0","25.0","14.0","38.0","69.0","42.0","62.0","24.0","6.0","25.0","40.0","5.0","33.0","0.0","0.0","1.0","23.0","8.0","9.0","30.0","23.0","0.0","4.0","5.0","7.0","11.0","1.0","4.0",".",".",".","."
"01/01/2013","42.0","Vols simples contre des particuliers dans des locaux privés","79.0","63.0","23.0","17.0","56.0","89.0","32.0","17.0","28.0","23.0","35.0","13.0","123.0","61.0","10.0","38.0","77.0","33.0","30.0","36.0","68.0","9.0","55.0","56.0","49.0","78.0","31.0","113.0","14.0","19.0","115.0","163.0","26.0","207.0","194.0","123.0","16.0","41.0","194.0","31.0","69.0","47.0","42.0","29.0","127.0","61.0","16.0","29.0","5.0","92.0","41.0","35.0","17.0","20.0","52.0","24.0","79.0","61.0","31.0","115.0","103.0","28.0","74.0","51.0","38.0","25.0","126.0","89.0","58.0","115.0","30.0","37.0","43.0","238.0","153.0","2.0","50.0","69.0","38.0","46.0","51.0","17.0","24.0","105.0","79.0","96.0","43.0","15.0","24.0","38.0","17.0","63.0","0.0","1.0","1.0","50.0","95.0","99.0","62.0","103.0","0.0","31.0","1.0","106.0","46.0","2.0","17.0",".",".",".","."
"01/01/2013","43.0","Vols simples contre des particuliers dans des locaux ou lieux publics","118.0","46.0","15.0","43.0","87.0","145.0","40.0","19.0","17.0","26.0","19.0","15.0","168.0","54.0","9.0","30.0","79.0","15.0","25.0","52.0","73.0","7.0","50.0","54.0","56.0","69.0","37.0","97.0","12.0","15.0","179.0","186.0","30.0","228.0","258.0","131.0","19.0","65.0","279.0","29.0","59.0","25.0","49.0","18.0","122.0","35.0","14.0","47.0","9.0","75.0","30.0","30.0","17.0","30.0","35.0","10.0","80.0","82.0","27.0","103.0","158.0","21.0","73.0","58.0","48.0","49.0","107.0","132.0","78.0","206.0","29.0","47.0","76.0","505.0","336.0","1.0","49.0","73.0","72.0","38.0","38.0","42.0","43.0","152.0","75.0","66.0","27.0","12.0","50.0","40.0","4.0","97.0","0.0","6.0","8.0","79.0","91.0","60.0","70.0","118.0","1.0","11.0","0.0","36.0","10.0","4.0","11.0",".",".",".","."
"01/01/2013","44.0","Recels","17.0","10.0","18.0","2.0","0.0","35.0","11.0","4.0","8.0","9.0","14.0","1.0","26.0","2.0","1.0","3.0","8.0","5.0","2.0","2.0","14.0","0.0","2.0","1.0","6.0","11.0","1.0","16.0","2.0","3.0","18.0","13.0","4.0","22.0","52.0","24.0","1.0","20.0","48.0","10.0","8.0","5.0","7.0","9.0","31.0","22.0","4.0","9.0","0.0","10.0","4.0","4.0","3.0","2.0","2.0","27.0","8.0","9.0","5.0","13.0","20.0","2.0","14.0","11.0","2.0","1.0","13.0","20.0","2.0","24.0","8.0","20.0","8.0","24.0","19.0","0.0","18.0","7.0","4.0","8.0","5.0","5.0","2.0","27.0","22.0","10.0","5.0","1.0","8.0","13.0","1.0","15.0","0.0","1.0","0.0","7.0","13.0","25.0","13.0","16.0","0.0","7.0","0.0","7.0","11.0","0.0","2.0",".",".",".","."
"01/01/2013","45.0","Proxénétisme","0.0","1.0","0.0","0.0","0.0","0.0","0.0","0.0","0.0","0.0","0.0","0.0","0.0","0.0","0.0","0.0","0.0","0.0","0.0","0.0","0.0","0.0","0.0","0.0","0.0","0.0","0.0","0.0","0.0","0.0","0.0","1.0","0.0","0.0","0.0","0.0","0.0","0.0","0.0","0.0","0.0","0.0","1.0","0.0","0.0","0.0","0.0","0.0","0.0","0.0","0.0","0.0","0.0","0.0","1.0","0.0","0.0","0.0","0.0","0.0","0.0","0.0","0.0","0.0","0.0","0.0","0.0","0.0","0.0","0.0","0.0","1.0","0.0","0.0","1.0","0.0","0.0","0.0","0.0","0.0","0.0","0.0","0.0","0.0","1.0","0.0","1.0","0.0","0.0","0.0","0.0","0.0","0.0","0.0","0.0","0.0","0.0","0.0","0.0","0.0","0.0","0.0","0.0","0.0","0.0","0.0","0.0",".",".",".","."
"01/01/2013","46.0","Viols sur des majeur(e)s","2.0","1.0","0.0","1.0","1.0","1.0","0.0","0.0","0.0","0.0","2.0","0.0","4.0","1.0","0.0","1.0","2.0","1.0","0.0","0.0","0.0","0.0","0.0","0.0","1.0","5.0","1.0","4.0","0.0","0.0","3.0","3.0","1.0","7.0","3.0","2.0","0.0","4.0","3.0","0.0","1.0","0.0","0.0","0.0","7.0","1.0","1.0","1.0","0.0","2.0","0.0","1.0","1.0","0.0","2.0","1.0","2.0","1.0","2.0","3.0","8.0","3.0","2.0","4.0","0.0","1.0","0.0","3.0","0.0","4.0","0.0","1.0","1.0","2.0","4.0","0.0","1.0","1.0","2.0","1.0","1.0","1.0","0.0","0.0","1.0","4.0","1.0","0.0","0.0","1.0","0.0","3.0","0.0","0.0","0.0","2.0","2.0","2.0","4.0","3.0","0.0","1.0","0.0","2.0","1.0","0.0","3.0",".",".",".","."
"01/01/2013","47.0","Viols sur des mineur(e)s","4.0","3.0","1.0","0.0","0.0","0.0","4.0","3.0","1.0","1.0","3.0","0.0","5.0","6.0","0.0","0.0","3.0","3.0","4.0","2.0","4.0","0.0","5.0","0.0","4.0","3.0","3.0","2.0","0.0","0.0","2.0","6.0","0.0","4.0","6.0","5.0","1.0","3.0","6.0","1.0","1.0","2.0","0.0","0.0","4.0","4.0","2.0","2.0","0.0","2.0","2.0","1.0","1.0","2.0","2.0","0.0","2.0","3.0","1.0","3.0","7.0","3.0","6.0","1.0","0.0","0.0","3.0","9.0","3.0","5.0","2.0","2.0","1.0","0.0","2.0","0.0","4.0","0.0","4.0","1.0","3.0","1.0","1.0","6.0","1.0","4.0","0.0","0.0","4.0","3.0","1.0","4.0","0.0","0.0","0.0","1.0","8.0","9.0","10.0","6.0","0.0","0.0","0.0","3.0","1.0","0.0","0.0",".",".",".","."
"01/01/2013","48.0","Harcèlements sexuels et autres agressions sexuelles contre des majeur(e)s","1.0","1.0","0.0","1.0","0.0","1.0","0.0","1.0","1.0","0.0","2.0","0.0","1.0","3.0","0.0","2.0","5.0","2.0","2.0","0.0","4.0","0.0","2.0","1.0","1.0","2.0","1.0","2.0","0.0","0.0","2.0","5.0","0.0","9.0","3.0","3.0","1.0","2.0","2.0","1.0","2.0","1.0","1.0","0.0","3.0","2.0","1.0","0.0","1.0","3.0","1.0","0.0","1.0","2.0","2.0","0.0","2.0","1.0","0.0","4.0","5.0","0.0","4.0","0.0","2.0","1.0","1.0","3.0","1.0","6.0","1.0","1.0","2.0","3.0","2.0","0.0","0.0","2.0","0.0","1.0","1.0","1.0","2.0","0.0","0.0","1.0","1.0","0.0","0.0","2.0","0.0","2.0","0.0","0.0","0.0","3.0","2.0","2.0","0.0","6.0","0.0","1.0","0.0","4.0","1.0","0.0","0.0",".",".",".","."
"01/01/2013","49.0","Harcèlements sexuels et autres agressions sexuelles contre des mineur(e)s","8.0","4.0","1.0","0.0","0.0","1.0","4.0","6.0","3.0","0.0","2.0","3.0","3.0","5.0","3.0","2.0","4.0","1.0","2.0","0.0","7.0","0.0","6.0","9.0","3.0","6.0","6.0","5.0","0.0","0.0","5.0","7.0","0.0","11.0","3.0","12.0","2.0","5.0","7.0","5.0","2.0","0.0","2.0","1.0","9.0","3.0","3.0","5.0","1.0","6.0","9.0","3.0","1.0","4.0","1.0","2.0","3.0","3.0","4.0","16.0","9.0","3.0","6.0","5.0","1.0","3.0","3.0","4.0","4.0","10.0","5.0","3.0","7.0","2.0","4.0","0.0","2.0","4.0","2.0","7.0","6.0","1.0","2.0","4.0","3.0","9.0","4.0","1.0","0.0","0.0","0.0","1.0","0.0","0.0","0.0","3.0","1.0","4.0","1.0","3.0","0.0","2.0","0.0","11.0","2.0","0.0","1.0",".",".",".","."
"01/01/2013","50.0","Atteintes sexuelles","4.0","8.0","0.0","1.0","0.0","4.0","1.0","2.0","0.0","3.0","0.0","0.0","4.0","6.0","3.0","0.0","5.0","1.0","2.0","1.0","1.0","1.0","0.0","5.0","4.0","4.0","3.0","13.0","0.0","1.0","2.0","11.0","0.0","6.0","20.0","1.0","1.0","1.0","5.0","1.0","1.0","3.0","1.0","4.0","5.0","3.0","1.0","1.0","0.0","2.0","1.0","2.0","1.0","1.0","4.0","2.0","1.0","2.0","0.0","8.0","7.0","1.0","5.0","2.0","4.0","1.0","1.0","11.0","5.0","5.0","1.0","3.0","1.0","0.0","7.0","0.0","3.0","3.0","2.0","2.0","2.0","4.0","3.0","8.0","6.0","10.0","1.0","1.0","1.0","7.0","2.0","6.0","0.0","2.0","0.0","3.0","0.0","4.0","4.0","13.0","0.0","1.0","0.0","6.0","0.0","0.0","0.0",".",".",".","."
"01/01/2013","51.0","Homicides commis contre enfants de moins de 15 ans","0.0","0.0","0.0","0.0","0.0","0.0","0.0","0.0","0.0","0.0","0.0","0.0","2.0","0.0","0.0","0.0","0.0","0.0","0.0","0.0","0.0","0.0","0.0","0.0","0.0","0.0","0.0","0.0","0.0","0.0","0.0","0.0","0.0","0.0","0.0","0.0","0.0","2.0","0.0","0.0","0.0","0.0","0.0","0.0","0.0","0.0","0.0","0.0","0.0","0.0","0.0","0.0","0.0","0.0","0.0","0.0","0.0","0.0","0.0","0.0","0.0","0.0","0.0","0.0","1.0","0.0","0.0","0.0","0.0","0.0","0.0","0.0","0.0","0.0","0.0","0.0","0.0","0.0","0.0","0.0","0.0","0.0","0.0","0.0","0.0","0.0","0.0","0.0","0.0","0.0","0.0","0.0","0.0","0.0","0.0","0.0","0.0","0.0","0.0","0.0","0.0","0.0","0.0","0.0","0.0","0.0","0.0",".",".",".","."
"01/01/2013","52.0","Violences, mauvais traitements et abandons d’enfants","14.0","11.0","4.0","1.0","2.0","1.0","6.0","2.0","2.0","1.0","2.0","1.0","9.0","8.0","3.0","3.0","3.0","2.0","2.0","6.0","9.0","1.0","1.0","10.0","3.0","9.0","4.0","8.0","0.0","0.0","11.0","17.0","1.0","17.0","16.0","15.0","8.0","5.0","13.0","2.0","4.0","3.0","6.0","0.0","19.0","6.0","3.0","4.0","0.0","6.0","5.0","6.0","5.0","6.0","4.0","6.0","3.0","8.0","3.0","22.0","28.0","10.0","14.0","2.0","3.0","4.0","6.0","15.0","11.0","13.0","1.0","3.0","11.0","5.0","10.0","0.0","6.0","13.0","1.0","9.0","0.0","6.0","0.0","4.0","7.0","12.0","2.0","5.0","9.0","6.0","1.0","4.0","0.0","0.0","0.0","5.0","5.0","5.0","9.0","15.0","0.0","2.0","0.0","4.0","3.0","1.0","7.0",".",".",".","."
"01/01/2013","53.0","Délits au sujet de la garde des mineurs","28.0","17.0","10.0","3.0","2.0","9.0","7.0","12.0","5.0","11.0","4.0","2.0","17.0","20.0","3.0","6.0","19.0","8.0","5.0","8.0","13.0","1.0","15.0","20.0","9.0","35.0","4.0","28.0","0.0","2.0","25.0","24.0","5.0","58.0","41.0","29.0","6.0","11.0","25.0","7.0","9.0","6.0","14.0","2.0","37.0","15.0","6.0","8.0","2.0","13.0","10.0","6.0","5.0","12.0","3.0","7.0","13.0","20.0","5.0","33.0","32.0","6.0","22.0","12.0","12.0","7.0","14.0","24.0","20.0","16.0","5.0","12.0","12.0","10.0","14.0","0.0","15.0","24.0","10.0","9.0","25.0","7.0","2.0","18.0","17.0","19.0","10.0","4.0","5.0","7.0","5.0","12.0","0.0","0.0","0.0","8.0","11.0","2.0","5.0","15.0","0.0","1.0","2.0","4.0","3.0","3.0","1.0",".",".",".","."
"01/01/2013","54.0","Non versement de pension alimentaire","11.0","7.0","1.0","4.0","2.0","16.0","6.0","10.0","4.0","5.0","3.0","2.0","20.0","7.0","0.0","5.0","8.0","4.0","1.0","11.0","6.0","1.0","11.0","9.0","12.0","11.0","6.0","13.0","3.0","2.0","17.0","27.0","3.0","17.0","25.0","23.0","3.0","2.0","23.0","2.0","7.0","2.0","5.0","3.0","14.0","8.0","3.0","9.0","1.0","8.0","5.0","9.0","5.0","5.0","0.0","7.0","8.0","19.0","3.0","18.0","21.0","5.0","5.0","11.0","9.0","6.0","7.0","8.0","14.0","16.0","7.0","12.0","1.0","4.0","29.0","0.0","2.0","12.0","4.0","1.0","12.0","6.0","3.0","29.0","17.0","16.0","4.0","3.0","8.0","8.0","3.0","8.0","0.0","0.0","0.0","4.0","16.0","5.0","3.0","8.0","0.0","1.0","0.0","4.0","8.0","1.0","3.0",".",".",".","."
"01/01/2013","55.0","Trafic et revente sans usage de stupéfiants","2.0","0.0","3.0","0.0","0.0","5.0","2.0","0.0","0.0","0.0","0.0","0.0","2.0","3.0","0.0","0.0","1.0","1.0","0.0","1.0","1.0","0.0","0.0","0.0","1.0","1.0","0.0","1.0","0.0","0.0","0.0","3.0","0.0","3.0","2.0","1.0","0.0","1.0","1.0","0.0","0.0","0.0","2.0","0.0","1.0","1.0","1.0","0.0","0.0","0.0","0.0","1.0","0.0","1.0","1.0","0.0","0.0","5.0","0.0","2.0","0.0","0.0","4.0","2.0","0.0","0.0","1.0","1.0","0.0","2.0","1.0","0.0","1.0","0.0","2.0","0.0","2.0","0.0","2.0","1.0","0.0","0.0","1.0","2.0","1.0","3.0","1.0","0.0","0.0","0.0","0.0","6.0","0.0","0.0","0.0","3.0","2.0","10.0","2.0","2.0","0.0","0.0","0.0","4.0","0.0","0.0","0.0",".",".",".","."
"01/01/2013","56.0","Usage-revente de stupéfiants","30.0","9.0","3.0","3.0","2.0","18.0","24.0","0.0","3.0","0.0","6.0","0.0","10.0","2.0","1.0","3.0","0.0","1.0","0.0","2.0","6.0","2.0","8.0","2.0","2.0","18.0","1.0","18.0","0.0","0.0","4.0","11.0","0.0","10.0","13.0","10.0","0.0","3.0","20.0","1.0","4.0","1.0","6.0","1.0","12.0","0.0","1.0","0.0","3.0","4.0","2.0","6.0","2.0","1.0","1.0","0.0","7.0","3.0","0.0","6.0","9.0","6.0","7.0","4.0","0.0","0.0","5.0","19.0","3.0","35.0","1.0","5.0","0.0","8.0","17.0","0.0","4.0","6.0","6.0","9.0","1.0","3.0","2.0","4.0","27.0","3.0","10.0","3.0","0.0","2.0","0.0","2.0","0.0","0.0","0.0","5.0","12.0","7.0","0.0","2.0","0.0","0.0","1.0","13.0","7.0","0.0","0.0",".",".",".","."
"01/01/2013","57.0","Usage de stupéfiants","75.0","35.0","35.0","23.0","88.0","132.0","17.0","10.0","8.0","12.0","22.0","20.0","65.0","16.0","3.0","27.0","28.0","20.0","8.0","32.0","19.0","12.0","27.0","16.0","42.0","46.0","22.0","63.0","10.0","8.0","50.0","70.0","7.0","108.0","84.0","24.0","6.0","24.0","159.0","18.0","14.0","22.0","14.0","27.0","26.0","35.0","3.0","14.0","16.0","11.0","12.0","20.0","20.0","11.0","13.0","30.0","12.0","86.0","28.0","77.0","110.0","17.0","93.0","33.0","31.0","13.0","22.0","71.0","53.0","76.0","19.0","30.0","13.0","78.0","108.0","0.0","19.0","37.0","29.0","22.0","29.0","12.0","20.0","108.0","65.0","32.0","20.0","4.0","25.0","25.0","2.0","25.0","0.0","3.0","1.0","45.0","58.0","52.0","41.0","59.0","0.0","1.0","0.0","44.0","17.0","1.0","12.0",".",".",".","."
"01/01/2013","58.0","Autres infractions à la législation sur les stupéfiants","6.0","2.0","8.0","0.0","3.0","15.0","0.0","1.0","0.0","0.0","1.0","1.0","15.0","0.0","2.0","0.0","0.0","0.0","0.0","0.0","3.0","2.0","5.0","0.0","6.0","10.0","3.0","3.0","1.0","1.0","1.0","0.0","0.0","11.0","50.0","5.0","1.0","1.0","1.0","1.0","4.0","2.0","0.0","9.0","0.0","1.0","0.0","2.0","0.0","3.0","0.0","0.0","2.0","4.0","0.0","0.0","2.0","2.0","2.0","1.0","0.0","3.0","0.0","7.0","1.0","0.0","0.0","2.0","0.0","16.0","3.0","2.0","0.0","1.0","5.0","0.0","2.0","2.0","9.0","0.0","3.0","2.0","0.0","6.0","0.0","0.0","4.0","0.0","1.0","2.0","0.0","9.0","0.0","0.0","2.0","4.0","0.0","3.0","3.0","23.0","0.0","1.0","0.0","66.0","2.0","0.0","0.0",".",".",".","."
"01/01/2013","59.0","Délits de débits de boissons et infraction à la réglementation sur l’alcool  et le tabac","1.0","0.0","0.0","2.0","0.0","0.0","0.0","0.0","0.0","0.0","0.0","1.0","0.0","0.0","0.0","1.0","0.0","0.0","0.0","0.0","0.0","0.0","0.0","0.0","1.0","0.0","0.0","0.0","0.0","0.0","1.0","1.0","0.0","0.0","1.0","0.0","0.0","0.0","2.0","0.0","0.0","1.0","0.0","1.0","1.0","0.0","0.0","0.0","0.0","0.0","0.0","0.0","0.0","0.0","0.0","0.0","0.0","1.0","1.0","0.0","0.0","1.0","1.0","1.0","0.0","0.0","0.0","0.0","0.0","0.0","0.0","1.0","0.0","1.0","1.0","0.0","1.0","0.0","0.0","0.0","0.0","0.0","0.0","2.0","1.0","0.0","0.0","0.0","0.0","0.0","0.0","1.0","0.0","0.0","0.0","0.0","1.0","1.0","1.0","1.0","0.0","0.0","0.0","0.0","0.0","0.0","0.0",".",".",".","."
"01/01/2013","60.0","Fraudes alimentaires et infractions à l’hygiène","0.0","0.0","0.0","0.0","0.0","0.0","0.0","0.0","0.0","0.0","1.0","0.0","0.0","1.0","0.0","0.0","0.0","0.0","0.0","0.0","0.0","0.0","0.0","0.0","1.0","0.0","0.0","0.0","0.0","0.0","0.0","1.0","0.0","0.0","0.0","0.0","0.0","0.0","0.0","0.0","1.0","0.0","0.0","0.0","0.0","0.0","0.0","1.0","0.0","0.0","0.0","0.0","0.0","0.0","0.0","0.0","1.0","0.0","0.0","0.0","0.0","0.0","0.0","0.0","2.0","0.0","0.0","0.0","0.0","0.0","0.0","0.0","0.0","0.0","0.0","0.0","0.0","0.0","1.0","0.0","1.0","0.0","0.0","0.0","1.0","2.0","0.0","0.0","0.0","1.0","0.0","1.0","0.0","0.0","0.0","0.0","0.0","0.0","0.0","0.0","0.0","0.0","0.0","0.0","0.0","0.0","0.0",".",".",".","."
"01/01/2013","61.0","Autres délits contre santé publique et la réglementation des professions médicales","0.0","0.0","1.0","0.0","0.0","1.0","0.0","0.0","0.0","0.0","0.0","0.0","0.0","0.0","0.0","0.0","0.0","0.0","0.0","0.0","0.0","0.0","0.0","0.0","0.0","0.0","0.0","0.0","0.0","0.0","0.0","1.0","0.0","0.0","0.0","0.0","0.0","0.0","0.0","0.0","0.0","0.0","0.0","0.0","0.0","0.0","0.0","0.0","0.0","0.0","0.0","0.0","0.0","0.0","0.0","0.0","0.0","0.0","0.0","0.0","0.0","1.0","0.0","0.0","0.0","0.0","0.0","0.0","1.0","0.0","0.0","2.0","0.0","0.0","0.0","0.0","0.0","0.0","0.0","0.0","0.0","0.0","0.0","0.0","0.0","0.0","0.0","1.0","0.0","0.0","1.0","0.0","0.0","0.0","0.0","0.0","0.0","0.0","0.0","1.0","0.0","0.0","0.0","0.0","0.0","0.0","0.0",".",".",".","."
"01/01/2013","62.0","Incendies volontaires de biens publics","2.0","2.0","0.0","1.0","0.0","5.0","0.0","0.0","0.0","1.0","2.0","1.0","1.0","0.0","0.0","0.0","2.0","0.0","1.0","0.0","1.0","2.0","0.0","1.0","10.0","2.0","0.0","4.0","0.0","0.0","6.0","3.0","0.0","1.0","2.0","1.0","2.0","1.0","2.0","0.0","1.0","4.0","2.0","2.0","3.0","2.0","0.0","2.0","0.0","3.0","1.0","1.0","0.0","0.0","2.0","2.0","0.0","2.0","0.0","1.0","3.0","2.0","1.0","0.0","0.0","0.0","0.0","8.0","6.0","2.0","1.0","1.0","3.0","4.0","4.0","0.0","1.0","1.0","0.0","1.0","0.0","0.0","2.0","3.0","1.0","2.0","1.0","0.0","1.0","2.0","0.0","0.0","0.0","0.0","0.0","0.0","0.0","2.0","1.0","3.0","0.0","0.0","0.0","1.0","1.0","0.0","0.0",".",".",".","."
"01/01/2013","63.0","Incendies volontaires de biens privés","4.0","6.0","2.0","2.0","0.0","4.0","6.0","4.0","2.0","6.0","1.0","1.0","8.0","8.0","0.0","2.0","3.0","3.0","0.0","4.0","3.0","1.0","0.0","3.0","5.0","16.0","7.0","6.0","4.0","8.0","12.0","16.0","0.0","7.0","11.0","6.0","1.0","4.0","31.0","5.0","1.0","3.0","6.0","2.0","36.0","8.0","1.0","3.0","0.0","5.0","4.0","11.0","2.0","1.0","3.0","2.0","6.0","15.0","4.0","10.0","21.0","2.0","6.0","2.0","1.0","0.0","4.0","14.0","21.0","7.0","5.0","4.0","5.0","11.0","9.0","0.0","8.0","8.0","6.0","1.0","6.0","1.0","1.0","6.0","9.0","9.0","1.0","0.0","3.0","5.0","1.0","4.0","0.0","0.0","0.0","5.0","6.0","4.0","3.0","6.0","0.0","0.0","0.0","1.0","4.0","0.0","1.0",".",".",".","."
"01/01/2013","64.0","Attentats à l’explosif contre des biens publics","0.0","0.0","0.0","0.0","0.0","0.0","0.0","0.0","0.0","0.0","0.0","0.0","0.0","0.0","0.0","0.0","0.0","0.0","0.0","0.0","0.0","0.0","0.0","0.0","0.0","0.0","0.0","0.0","0.0","0.0","0.0","0.0","0.0","0.0","0.0","0.0","0.0","0.0","0.0","0.0","0.0","0.0","0.0","0.0","0.0","0.0","0.0","0.0","0.0","0.0","0.0","0.0","0.0","0.0","0.0","0.0","0.0","0.0","0.0","0.0","0.0","0.0","0.0","0.0","0.0","0.0","0.0","0.0","0.0","0.0","0.0","0.0","0.0","0.0","0.0","0.0","0.0","0.0","0.0","0.0","0.0","0.0","0.0","0.0","0.0","0.0","0.0","0.0","0.0","0.0","0.0","0.0","0.0","0.0","0.0","0.0","0.0","0.0","0.0","0.0","0.0","0.0","0.0","0.0","0.0","0.0","0.0",".",".",".","."
"01/01/2013","65.0","Attentats à l’explosif contre des biens privés","0.0","0.0","0.0","0.0","0.0","0.0","0.0","0.0","0.0","0.0","0.0","0.0","0.0","0.0","0.0","0.0","0.0","0.0","0.0","0.0","0.0","0.0","0.0","0.0","0.0","0.0","0.0","0.0","2.0","1.0","0.0","0.0","0.0","0.0","0.0","0.0","0.0","0.0","0.0","0.0","0.0","0.0","0.0","0.0","0.0","0.0","0.0","0.0","0.0","0.0","0.0","0.0","0.0","0.0","0.0","0.0","0.0","0.0","0.0","0.0","0.0","0.0","0.0","0.0","0.0","0.0","0.0","0.0","0.0","0.0","0.0","0.0","0.0","0.0","0.0","0.0","0.0","0.0","0.0","0.0","0.0","0.0","0.0","0.0","0.0","0.0","0.0","0.0","0.0","0.0","0.0","0.0","0.0","0.0","0.0","0.0","0.0","0.0","0.0","0.0","0.0","0.0","0.0","0.0","0.0","0.0","0.0",".",".",".","."
"01/01/2013","66.0","Destructions, dégradations de biens publics hors incendie, hors attentat","20.0","14.0","6.0","3.0","2.0","12.0","8.0","16.0","2.0","3.0","1.0","4.0","15.0","11.0","0.0","2.0","6.0","2.0","6.0","13.0","16.0","6.0","9.0","13.0","18.0","10.0","12.0","22.0","2.0","1.0","16.0","36.0","1.0","32.0","17.0","29.0","5.0","14.0","50.0","6.0","5.0","3.0","9.0","6.0","41.0","18.0","5.0","9.0","1.0","40.0","9.0","13.0","1.0","13.0","13.0","5.0","20.0","17.0","3.0","18.0","34.0","7.0","17.0","14.0","8.0","9.0","7.0","35.0","17.0","21.0","3.0","11.0","18.0","13.0","19.0","0.0","9.0","26.0","12.0","12.0","9.0","0.0","7.0","10.0","9.0","16.0","8.0","3.0","12.0","10.0","2.0","17.0","0.0","0.0","0.0","11.0","8.0","3.0","6.0","16.0","0.0","3.0","0.0","8.0","15.0","0.0","4.0",".",".",".","."
"01/01/2013","67.0","Destructions, dégradations de biens privés hors incendie, attentat, véhicule","16.0","22.0","7.0","3.0","3.0","16.0","30.0","16.0","1.0","7.0","4.0","2.0","22.0","17.0","0.0","6.0","21.0","5.0","3.0","15.0","19.0","2.0","6.0","11.0","20.0","14.0","8.0","42.0","0.0","3.0","28.0","36.0","5.0","28.0","47.0","24.0","8.0","9.0","46.0","5.0","9.0","8.0","8.0","2.0","43.0","17.0","8.0","7.0","2.0","24.0","11.0","8.0","5.0","15.0","8.0","7.0","23.0","19.0","12.0","16.0","80.0","9.0","14.0","11.0","7.0","3.0","18.0","17.0","22.0","25.0","6.0","16.0","9.0","15.0","38.0","0.0","9.0","14.0","9.0","27.0","11.0","2.0","9.0","19.0","14.0","18.0","4.0","1.0","6.0","5.0","5.0","7.0","0.0","1.0","0.0","13.0","5.0","4.0","9.0","17.0","1.0","1.0","0.0","3.0","15.0","0.0","2.0",".",".",".","."
"01/01/2013","68.0","Destructions, dégradations de véhicules privés hors incendie, hors attentat","20.0","18.0","5.0","2.0","2.0","15.0","7.0","7.0","1.0","11.0","7.0","2.0","29.0","15.0","1.0","6.0","14.0","5.0","1.0","7.0","43.0","0.0","10.0","4.0","22.0","14.0","8.0","32.0","1.0","14.0","27.0","36.0","4.0","41.0","40.0","30.0","2.0","13.0","53.0","6.0","5.0","5.0","10.0","7.0","50.0","24.0","1.0","14.0","0.0","20.0","4.0","13.0","8.0","7.0","20.0","3.0","22.0","15.0","3.0","10.0","46.0","7.0","22.0","9.0","5.0","5.0","15.0","22.0","11.0","9.0","8.0","9.0","10.0","25.0","23.0","0.0","13.0","14.0","7.0","9.0","11.0","2.0","5.0","42.0","11.0","21.0","3.0","1.0","6.0","1.0","3.0","16.0","0.0","0.0","0.0","17.0","17.0","6.0","7.0","14.0","0.0","2.0","0.0","3.0","15.0","0.0","0.0",".",".",".","."
"01/01/2013","69.0","Infractions aux conditions générales d’entrée et de séjour des étrangers","3.0","0.0","0.0","0.0","0.0","7.0","3.0","0.0","2.0","1.0","4.0","1.0","3.0","1.0","0.0","0.0","4.0","7.0","0.0","2.0","0.0","0.0","1.0","2.0","10.0","6.0","7.0","0.0","3.0","1.0","3.0","3.0","2.0","10.0","4.0","2.0","1.0","3.0","14.0","0.0","0.0","4.0","9.0","1.0","5.0","0.0","0.0","1.0","0.0","1.0","1.0","1.0","0.0","1.0","0.0","3.0","1.0","21.0","0.0","1.0","8.0","0.0","0.0","1.0","13.0","0.0","4.0","4.0","2.0","27.0","0.0","7.0","1.0","7.0","0.0","0.0","1.0","50.0","4.0","0.0","0.0","0.0","0.0","19.0","35.0","3.0","5.0","1.0","1.0","0.0","0.0","4.0","0.0","0.0","0.0","34.0","3.0","1.0","294.0","0.0","0.0","2.0","0.0","0.0","0.0","0.0","0.0",".",".",".","."
"01/01/2013","70.0","Aide à l’entrée, à la circulation et au séjour des étrangers","0.0","0.0","0.0","0.0","0.0","0.0","1.0","0.0","0.0","0.0","0.0","0.0","1.0","0.0","0.0","0.0","0.0","0.0","0.0","0.0","0.0","0.0","1.0","0.0","1.0","0.0","0.0","0.0","1.0","0.0","0.0","0.0","1.0","0.0","0.0","0.0","0.0","0.0","0.0","0.0","0.0","0.0","0.0","1.0","0.0","2.0","0.0","0.0","0.0","0.0","0.0","0.0","0.0","0.0","0.0","0.0","0.0","0.0","0.0","0.0","0.0","0.0","0.0","0.0","0.0","0.0","0.0","0.0","0.0","0.0","0.0","0.0","0.0","0.0","0.0","1.0","0.0","0.0","0.0","0.0","0.0","0.0","0.0","0.0","3.0","0.0","0.0","0.0","0.0","0.0","0.0","0.0","0.0","0.0","0.0","12.0","0.0","0.0","2.0","0.0","0.0","11.0","0.0","0.0","0.0","0.0","1.0",".",".",".","."
"01/01/2013","71.0","Autres infractions à la police des étrangers","0.0","0.0","0.0","0.0","0.0","1.0","0.0","0.0","0.0","0.0","0.0","0.0","2.0","0.0","0.0","0.0","2.0","1.0","0.0","0.0","0.0","0.0","0.0","0.0","0.0","0.0","1.0","0.0","0.0","0.0","0.0","4.0","0.0","0.0","0.0","0.0","0.0","0.0","0.0","0.0","0.0","0.0","0.0","0.0","0.0","0.0","0.0","0.0","0.0","0.0","0.0","0.0","0.0","0.0","0.0","0.0","0.0","0.0","0.0","1.0","0.0","0.0","0.0","0.0","0.0","0.0","0.0","0.0","0.0","0.0","0.0","0.0","0.0","0.0","3.0","0.0","3.0","9.0","0.0","0.0","0.0","0.0","0.0","2.0","0.0","0.0","1.0","0.0","0.0","1.0","0.0","0.0","0.0","0.0","0.0","1.0","0.0","0.0","0.0","0.0","0.0","0.0","0.0","0.0","0.0","0.0","0.0",".",".",".","."
"01/01/2013","72.0","Outrages à dépositaires de l'autorité","13.0","4.0","1.0","6.0","1.0","9.0","1.0","2.0","2.0","4.0","5.0","1.0","11.0","3.0","3.0","2.0","2.0","5.0","1.0","4.0","7.0","1.0","4.0","4.0","3.0","3.0","8.0","8.0","1.0","2.0","6.0","4.0","4.0","6.0","10.0","6.0","2.0","1.0","30.0","3.0","1.0","1.0","6.0","1.0","6.0","6.0","1.0","3.0","0.0","1.0","0.0","6.0","3.0","3.0","0.0","4.0","3.0","6.0","6.0","4.0","9.0","5.0","8.0","6.0","1.0","3.0","5.0","15.0","8.0","7.0","2.0","9.0","6.0","10.0","12.0","0.0","4.0","2.0","1.0","7.0","5.0","0.0","4.0","11.0","7.0","4.0","4.0","1.0","2.0","14.0","1.0","2.0","0.0","1.0","0.0","9.0","12.0","6.0","6.0","10.0","0.0","4.0","1.0","8.0","2.0","0.0","0.0",".",".",".","."
"01/01/2013","73.0","Violences à dépositaires de l'autorité","6.0","1.0","3.0","4.0","0.0","4.0","3.0","5.0","1.0","0.0","2.0","3.0","10.0","5.0","0.0","1.0","1.0","2.0","3.0","1.0","5.0","2.0","4.0","5.0","4.0","4.0","7.0","6.0","0.0","2.0","6.0","12.0","3.0","9.0","8.0","12.0","2.0","6.0","14.0","2.0","1.0","0.0","5.0","5.0","14.0","8.0","2.0","5.0","0.0","3.0","2.0","3.0","1.0","2.0","1.0","2.0","8.0","13.0","4.0","7.0","14.0","2.0","2.0","3.0","2.0","1.0","2.0","12.0","4.0","13.0","4.0","8.0","3.0","8.0","7.0","0.0","4.0","5.0","0.0","4.0","2.0","0.0","0.0","5.0","6.0","5.0","5.0","3.0","2.0","3.0","1.0","11.0","0.0","0.0","0.0","9.0","7.0","8.0","3.0","11.0","0.0","1.0","0.0","5.0","3.0","0.0","3.0",".",".",".","."
"01/01/2013","74.0","Port ou détention armes prohibées","8.0","8.0","4.0","2.0","1.0","8.0","5.0","1.0","0.0","0.0","2.0","3.0","12.0","4.0","0.0","1.0","3.0","4.0","2.0","9.0","6.0","1.0","1.0","0.0","5.0","5.0","3.0","6.0","4.0","5.0","5.0","10.0","2.0","1.0","24.0","6.0","2.0","0.0","26.0","2.0","2.0","2.0","3.0","2.0","6.0","2.0","0.0","1.0","2.0","4.0","1.0","5.0","5.0","2.0","4.0","4.0","3.0","14.0","2.0","7.0","15.0","1.0","5.0","4.0","2.0","0.0","10.0","83.0","7.0","3.0","2.0","1.0","7.0","6.0","7.0","0.0","3.0","9.0","5.0","1.0","4.0","2.0","1.0","16.0","8.0","2.0","0.0","1.0","3.0","4.0","1.0","5.0","0.0","0.0","0.0","2.0","26.0","25.0","8.0","9.0","0.0","1.0","1.0","3.0","1.0","0.0","7.0",".",".",".","."
"01/01/2013","75.0","Atteintes aux intérêts fondamentaux de la Nation","1.0","2.0","0.0","0.0","0.0","1.0","0.0","0.0","1.0","0.0","0.0","0.0","7.0","1.0","1.0","0.0","0.0","0.0","0.0","0.0","0.0","0.0","0.0","3.0","0.0","5.0","0.0","1.0","1.0","0.0","0.0","2.0","1.0","0.0","0.0","1.0","0.0","2.0","1.0","0.0","0.0","0.0","1.0","0.0","0.0","3.0","0.0","0.0","0.0","0.0","1.0","0.0","1.0","0.0","1.0","1.0","2.0","4.0","0.0","4.0","1.0","0.0","0.0","0.0","2.0","0.0","0.0","3.0","2.0","3.0","0.0","0.0","0.0","1.0","2.0","2.0","0.0","0.0","1.0","0.0","3.0","2.0","0.0","2.0","0.0","0.0","1.0","0.0","1.0","0.0","1.0","1.0","0.0","0.0","2.0","0.0","0.0","0.0","4.0","2.0","0.0","0.0","0.0","0.0","1.0","0.0","0.0",".",".",".","."
"01/01/2013","76.0","Délits des courses et des jeux","0.0","0.0","0.0","1.0","0.0","0.0","0.0","0.0","0.0","0.0","0.0","0.0","1.0","0.0","0.0","0.0","0.0","0.0","0.0","0.0","0.0","0.0","0.0","0.0","0.0","0.0","0.0","0.0","0.0","0.0","0.0","0.0","0.0","0.0","0.0","0.0","0.0","0.0","0.0","0.0","0.0","0.0","0.0","0.0","0.0","0.0","0.0","0.0","0.0","0.0","0.0","0.0","0.0","0.0","0.0","0.0","0.0","0.0","0.0","0.0","0.0","0.0","0.0","0.0","0.0","0.0","0.0","0.0","0.0","0.0","0.0","0.0","0.0","0.0","0.0","0.0","0.0","0.0","0.0","0.0","0.0","0.0","0.0","0.0","0.0","0.0","0.0","0.0","0.0","0.0","0.0","0.0","0.0","0.0","0.0","0.0","0.0","0.0","0.0","0.0","0.0","0.0","0.0","1.0","0.0","0.0","0.0",".",".",".","."
"01/01/2013","77.0","Délits d'interdiction de séjour et de paraître","1.0","0.0","0.0","0.0","0.0","0.0","0.0","0.0","0.0","0.0","0.0","0.0","0.0","0.0","0.0","0.0","0.0","0.0","0.0","0.0","0.0","0.0","0.0","0.0","0.0","0.0","0.0","0.0","0.0","0.0","0.0","0.0","0.0","1.0","0.0","0.0","0.0","0.0","0.0","0.0","0.0","0.0","0.0","0.0","0.0","0.0","0.0","0.0","0.0","0.0","0.0","0.0","0.0","0.0","0.0","0.0","0.0","0.0","0.0","0.0","0.0","0.0","0.0","0.0","0.0","0.0","0.0","0.0","0.0","0.0","0.0","0.0","0.0","0.0","0.0","0.0","0.0","0.0","0.0","0.0","0.0","0.0","0.0","0.0","0.0","0.0","0.0","0.0","0.0","0.0","0.0","1.0","0.0","0.0","0.0","0.0","0.0","0.0","0.0","0.0","0.0","0.0","0.0","0.0","0.0","0.0","0.0",".",".",".","."
"01/01/2013","78.0","Destructions, cruautés et autres délits envers les animaux","0.0","3.0","1.0","1.0","0.0","1.0","0.0","2.0","1.0","0.0","1.0","0.0","1.0","1.0","0.0","1.0","5.0","0.0","1.0","0.0","1.0","1.0","1.0","3.0","1.0","0.0","0.0","0.0","1.0","1.0","3.0","5.0","0.0","5.0","3.0","1.0","1.0","2.0","3.0","1.0","0.0","1.0","1.0","1.0","2.0","1.0","0.0","0.0","0.0","1.0","2.0","1.0","0.0","3.0","1.0","1.0","0.0","3.0","0.0","2.0","2.0","1.0","3.0","1.0","0.0","1.0","2.0","2.0","1.0","2.0","0.0","1.0","1.0","1.0","1.0","0.0","1.0","1.0","1.0","2.0","2.0","0.0","1.0","3.0","1.0","0.0","2.0","0.0","0.0","2.0","0.0","0.0","0.0","0.0","0.0","2.0","1.0","0.0","0.0","4.0","0.0","0.0","0.0","1.0","2.0","0.0","0.0",".",".",".","."
"01/01/2013","79.0","Atteintes à l’environnement","2.0","1.0","1.0","1.0","0.0","4.0","1.0","2.0","3.0","1.0","3.0","2.0","3.0","1.0","0.0","4.0","3.0","1.0","0.0","0.0","0.0","0.0","0.0","5.0","1.0","0.0","0.0","2.0","2.0","0.0","1.0","3.0","0.0","1.0","4.0","6.0","0.0","0.0","4.0","1.0","1.0","0.0","2.0","1.0","5.0","0.0","0.0","0.0","1.0","3.0","2.0","2.0","0.0","1.0","0.0","1.0","1.0","2.0","1.0","0.0","0.0","2.0","1.0","0.0","6.0","3.0","2.0","1.0","1.0","2.0","0.0","1.0","0.0","0.0","2.0","0.0","2.0","1.0","2.0","2.0","0.0","0.0","1.0","5.0","1.0","2.0","0.0","1.0","1.0","0.0","0.0","0.0","0.0","0.0","0.0","3.0","0.0","0.0","3.0","3.0","0.0","1.0","0.0","0.0","1.0","0.0","0.0",".",".",".","."
"01/01/2013","80.0","Chasse et pêche","0.0","0.0","0.0","0.0","2.0","4.0","0.0","1.0","0.0","0.0","1.0","0.0","4.0","2.0","0.0","0.0","4.0","0.0","0.0","0.0","2.0","0.0","0.0","0.0","1.0","0.0","0.0","6.0","0.0","1.0","0.0","0.0","0.0","3.0","2.0","3.0","0.0","0.0","1.0","0.0","0.0","1.0","0.0","0.0","4.0","0.0","0.0","0.0","0.0","0.0","7.0","0.0","0.0","0.0","0.0","0.0","9.0","2.0","0.0","0.0","0.0","0.0","9.0","0.0","0.0","0.0","1.0","0.0","0.0","0.0","0.0","0.0","0.0","0.0","0.0","0.0","3.0","1.0","1.0","0.0","0.0","0.0","0.0","1.0","1.0","10.0","0.0","0.0","0.0","0.0","0.0","0.0","0.0","0.0","0.0","0.0","0.0","5.0","4.0","2.0","0.0","0.0","0.0","2.0","0.0","1.0","0.0",".",".",".","."
"01/01/2013","81.0","Faux documents d’identité","1.0","0.0","0.0","0.0","0.0","1.0","0.0","1.0","1.0","0.0","0.0","1.0","2.0","0.0","0.0","0.0","0.0","0.0","0.0","1.0","1.0","0.0","0.0","0.0","1.0","0.0","0.0","2.0","0.0","0.0","0.0","0.0","0.0","0.0","0.0","1.0","0.0","2.0","1.0","0.0","0.0","3.0","1.0","0.0","1.0","0.0","0.0","0.0","0.0","0.0","0.0","0.0","0.0","0.0","0.0","0.0","0.0","0.0","1.0","0.0","1.0","0.0","0.0","0.0","2.0","0.0","0.0","0.0","0.0","1.0","0.0","0.0","1.0","1.0","1.0","0.0","0.0","2.0","1.0","0.0","0.0","0.0","0.0","1.0","0.0","0.0","0.0","1.0","0.0","0.0","0.0","1.0","0.0","1.0","0.0","1.0","0.0","1.0","1.0","0.0","0.0","0.0","0.0","0.0","0.0","0.0","0.0",".",".",".","."
"01/01/2013","82.0","Faux documents concernant la circulation des véhicules","0.0","1.0","2.0","1.0","0.0","2.0","1.0","0.0","1.0","0.0","0.0","1.0","2.0","0.0","0.0","0.0","2.0","2.0","0.0","0.0","0.0","0.0","1.0","1.0","0.0","0.0","1.0","1.0","0.0","0.0","0.0","2.0","0.0","1.0","1.0","1.0","1.0","0.0","2.0","1.0","0.0","0.0","1.0","0.0","0.0","2.0","0.0","0.0","1.0","1.0","0.0","1.0","0.0","1.0","0.0","0.0","0.0","1.0","0.0","1.0","0.0","0.0","4.0","2.0","0.0","0.0","0.0","3.0","1.0","0.0","2.0","0.0","1.0","0.0","0.0","0.0","0.0","1.0","3.0","2.0","1.0","0.0","0.0","5.0","0.0","1.0","1.0","1.0","1.0","0.0","0.0","0.0","0.0","0.0","0.0","0.0","0.0","0.0","0.0","2.0","0.0","0.0","0.0","0.0","1.0","0.0","0.0",".",".",".","."
"01/01/2013","83.0","Autres faux documents administratifs","1.0","1.0","2.0","1.0","1.0","4.0","1.0","0.0","2.0","1.0","0.0","2.0","3.0","2.0","2.0","3.0","0.0","0.0","0.0","2.0","3.0","1.0","1.0","3.0","1.0","1.0","1.0","1.0","2.0","1.0","3.0","6.0","0.0","5.0","4.0","2.0","2.0","0.0","4.0","0.0","0.0","1.0","2.0","0.0","3.0","1.0","0.0","0.0","1.0","1.0","0.0","2.0","0.0","2.0","0.0","0.0","1.0","4.0","0.0","2.0","4.0","1.0","1.0","1.0","0.0","0.0","3.0","2.0","1.0","0.0","4.0","0.0","1.0","0.0","2.0","0.0","0.0","2.0","3.0","0.0","1.0","1.0","0.0","4.0","3.0","2.0","1.0","3.0","2.0","1.0","0.0","0.0","0.0","0.0","0.0","1.0","0.0","1.0","0.0","2.0","0.0","1.0","0.0","0.0","1.0","0.0","1.0",".",".",".","."
"01/01/2013","84.0","Faux en écriture publique et authentique","2.0","1.0","0.0","0.0","0.0","1.0","0.0","0.0","1.0","0.0","0.0","0.0","1.0","0.0","0.0","1.0","1.0","0.0","0.0","1.0","0.0","0.0","0.0","0.0","0.0","1.0","0.0","0.0","2.0","0.0","3.0","1.0","1.0","4.0","1.0","0.0","1.0","1.0","1.0","0.0","0.0","1.0","2.0","0.0","0.0","1.0","0.0","1.0","0.0","1.0","0.0","0.0","0.0","0.0","0.0","0.0","0.0","0.0","0.0","0.0","1.0","0.0","0.0","0.0","0.0","1.0","0.0","1.0","2.0","1.0","0.0","0.0","0.0","0.0","2.0","0.0","1.0","3.0","1.0","1.0","0.0","0.0","1.0","2.0","2.0","3.0","0.0","0.0","0.0","0.0","1.0","1.0","0.0","0.0","0.0","0.0","0.0","1.0","1.0","0.0","0.0","0.0","0.0","0.0","0.0","0.0","0.0",".",".",".","."
"01/01/2013","85.0","Autres faux en écriture","4.0","5.0","1.0","2.0","1.0","7.0","2.0","0.0","3.0","1.0","1.0","1.0","10.0","3.0","2.0","0.0","4.0","2.0","1.0","3.0","0.0","0.0","2.0","3.0","3.0","6.0","0.0","2.0","1.0","3.0","11.0","3.0","4.0","10.0","9.0","3.0","1.0","0.0","5.0","0.0","6.0","3.0","7.0","1.0","3.0","2.0","1.0","2.0","1.0","3.0","0.0","3.0","2.0","1.0","1.0","3.0","1.0","4.0","2.0","3.0","10.0","1.0","4.0","5.0","1.0","0.0","5.0","12.0","0.0","10.0","2.0","5.0","3.0","0.0","9.0","0.0","5.0","5.0","0.0","2.0","1.0","2.0","1.0","5.0","3.0","4.0","1.0","1.0","0.0","3.0","1.0","1.0","0.0","2.0","0.0","3.0","2.0","3.0","1.0","5.0","0.0","0.0","0.0","0.0","0.0","0.0","0.0",".",".",".","."
"01/01/2013","86.0","Fausse monnaie","0.0","0.0","0.0","0.0","0.0","0.0","0.0","0.0","0.0","0.0","0.0","0.0","0.0","0.0","0.0","0.0","0.0","0.0","0.0","0.0","1.0","0.0","0.0","1.0","1.0","0.0","0.0","1.0","0.0","0.0","0.0","1.0","0.0","0.0","0.0","1.0","0.0","1.0","6.0","0.0","0.0","1.0","0.0","0.0","0.0","0.0","0.0","0.0","0.0","0.0","0.0","0.0","0.0","0.0","0.0","0.0","0.0","0.0","0.0","0.0","0.0","0.0","0.0","0.0","0.0","0.0","1.0","0.0","0.0","1.0","1.0","0.0","0.0","0.0","0.0","0.0","0.0","0.0","1.0","0.0","0.0","0.0","0.0","0.0","0.0","0.0","0.0","0.0","0.0","0.0","0.0","1.0","0.0","0.0","0.0","0.0","0.0","1.0","2.0","0.0","0.0","0.0","0.0","1.0","0.0","0.0","0.0",".",".",".","."
"01/01/2013","87.0","Contrefaçons et fraudes industrielles et commerciales","1.0","0.0","0.0","0.0","0.0","0.0","0.0","0.0","0.0","0.0","0.0","1.0","0.0","0.0","0.0","0.0","0.0","0.0","0.0","0.0","0.0","0.0","0.0","3.0","0.0","2.0","0.0","0.0","0.0","0.0","0.0","0.0","0.0","0.0","0.0","1.0","1.0","0.0","6.0","0.0","0.0","0.0","0.0","0.0","0.0","0.0","0.0","0.0","0.0","0.0","0.0","1.0","0.0","0.0","0.0","0.0","0.0","1.0","0.0","1.0","0.0","0.0","0.0","1.0","0.0","0.0","0.0","1.0","1.0","0.0","0.0","1.0","0.0","0.0","1.0","0.0","7.0","0.0","0.0","0.0","0.0","0.0","0.0","0.0","0.0","1.0","0.0","0.0","0.0","0.0","0.0","0.0","0.0","0.0","0.0","0.0","0.0","1.0","0.0","2.0","0.0","0.0","0.0","1.0","0.0","0.0","0.0",".",".",".","."
"01/01/2013","88.0","Contrefaçons littéraires et artistiques","0.0","0.0","0.0","0.0","0.0","0.0","0.0","0.0","0.0","0.0","0.0","0.0","0.0","0.0","0.0","0.0","0.0","0.0","0.0","0.0","0.0","0.0","1.0","0.0","0.0","0.0","0.0","0.0","0.0","0.0","0.0","0.0","0.0","0.0","0.0","0.0","0.0","0.0","0.0","0.0","0.0","0.0","0.0","0.0","0.0","0.0","0.0","0.0","0.0","0.0","0.0","0.0","0.0","0.0","0.0","0.0","0.0","1.0","0.0","0.0","1.0","0.0","0.0","0.0","0.0","0.0","0.0","0.0","0.0","0.0","0.0","0.0","0.0","0.0","0.0","0.0","1.0","0.0","0.0","0.0","0.0","0.0","0.0","0.0","0.0","0.0","0.0","0.0","0.0","0.0","0.0","0.0","0.0","0.0","0.0","0.0","0.0","0.0","0.0","0.0","0.0","0.0","0.0","0.0","0.0","0.0","0.0",".",".",".","."
"01/01/2013","89.0","Falsification et usages de chèques volés","33.0","163.0","5.0","40.0","2.0","3.0","20.0","7.0","12.0","12.0","4.0","32.0","25.0","4.0","0.0","7.0","43.0","6.0","1.0","4.0","18.0","1.0","61.0","14.0","4.0","18.0","15.0","61.0","3.0","44.0","8.0","11.0","6.0","17.0","113.0","67.0","56.0","28.0","33.0","2.0","4.0","64.0","7.0","56.0","56.0","40.0","7.0","9.0","2.0","38.0","8.0","6.0","6.0","36.0","4.0","2.0","36.0","16.0","4.0","19.0","16.0","6.0","11.0","3.0","5.0","2.0","10.0","9.0","3.0","22.0","7.0","16.0","8.0","17.0","27.0","0.0","7.0","7.0","5.0","6.0","3.0","48.0","3.0","4.0","9.0","22.0","3.0","2.0","5.0","18.0","14.0","7.0","0.0","1.0","0.0","8.0","14.0","20.0","4.0","13.0","0.0","0.0","0.0","0.0","4.0","5.0","1.0",".",".",".","."
"01/01/2013","90.0","Falsification et usages de cartes de crédit*","2.0","7.0","1.0","6.0","4.0","7.0","6.0","3.0","2.0","5.0","4.0","0.0","21.0","1.0","0.0","1.0","4.0","0.0","1.0","7.0","5.0","1.0","5.0","2.0","2.0","3.0","2.0","16.0","1.0","0.0","12.0","31.0","3.0","10.0","9.0","18.0","1.0","5.0","18.0","3.0","7.0","0.0","9.0","0.0","6.0","4.0","3.0","2.0","0.0","11.0","3.0","1.0","3.0","1.0","3.0","0.0","4.0","13.0","1.0","8.0","20.0","0.0","2.0","1.0","1.0","0.0","7.0","4.0","5.0","13.0","4.0","6.0","4.0","15.0","18.0","0.0","2.0","3.0","21.0","1.0","1.0","2.0","2.0","8.0","6.0","7.0","1.0","0.0","3.0","8.0","4.0","1.0","0.0","0.0","0.0","1.0","2.0","1.0","3.0","3.0","0.0","0.0","0.0","2.0","0.0","0.0","2.0",".",".",".","."
"01/01/2013","91.0","Escroqueries et abus de confiance*","81.0","70.0","29.0","35.0","8.0","113.0","36.0","22.0","27.0","20.0","28.0","21.0","88.0","45.0","6.0","34.0","70.0","29.0","26.0","29.0","72.0","21.0","79.0","57.0","41.0","96.0","37.0","94.0","12.0","22.0","80.0","145.0","22.0","141.0","129.0","98.0","15.0","61.0","161.0","27.0","53.0","38.0","37.0","19.0","118.0","56.0","21.0","32.0","5.0","69.0","16.0","38.0","38.0","33.0","39.0","14.0","53.0","80.0","28.0","52.0","136.0","24.0","71.0","65.0","27.0","13.0","85.0","98.0","67.0","138.0","37.0","58.0","56.0","68.0","101.0","3.0","65.0","55.0","37.0","46.0","42.0","23.0","26.0","144.0","57.0","78.0","43.0","22.0","33.0","39.0","12.0","69.0","1.0","7.0","0.0","56.0","39.0","22.0","19.0","42.0","0.0","2.0","2.0","13.0","9.0","0.0","7.0",".",".",".","."
"01/01/2013","92.0","Infractions à la législation sur les chèques","17.0","1.0","3.0","1.0","0.0","4.0","2.0","1.0","0.0","0.0","0.0","4.0","1.0","3.0","1.0","2.0","6.0","0.0","1.0","2.0","7.0","0.0","3.0","1.0","0.0","4.0","1.0","17.0","0.0","18.0","3.0","9.0","0.0","5.0","4.0","7.0","1.0","0.0","3.0","1.0","3.0","0.0","2.0","1.0","7.0","8.0","0.0","2.0","0.0","5.0","3.0","0.0","1.0","1.0","0.0","1.0","7.0","0.0","3.0","1.0","1.0","0.0","3.0","0.0","1.0","1.0","2.0","3.0","3.0","8.0","0.0","1.0","3.0","1.0","3.0","0.0","3.0","1.0","0.0","2.0","2.0","4.0","0.0","6.0","0.0","3.0","1.0","0.0","1.0","2.0","1.0","0.0","0.0","0.0","0.0","0.0","3.0","1.0","0.0","1.0","0.0","0.0","0.0","1.0","0.0","0.0","1.0",".",".",".","."
"01/01/2013","93.0","Travail clandestin","4.0","3.0","3.0","3.0","4.0","4.0","2.0","1.0","2.0","1.0","4.0","0.0","8.0","3.0","3.0","2.0","3.0","1.0","4.0","1.0","4.0","1.0","1.0","4.0","9.0","5.0","1.0","1.0","17.0","8.0","4.0","2.0","0.0","7.0","12.0","2.0","0.0","4.0","16.0","2.0","0.0","4.0","5.0","0.0","4.0","5.0","1.0","1.0","0.0","1.0","1.0","3.0","0.0","2.0","2.0","2.0","3.0","16.0","1.0","7.0","5.0","3.0","10.0","5.0","5.0","1.0","2.0","10.0","6.0","4.0","1.0","4.0","1.0","3.0","4.0","3.0","5.0","11.0","6.0","0.0","5.0","1.0","1.0","15.0","12.0","2.0","0.0","1.0","3.0","1.0","1.0","3.0","0.0","1.0","0.0","28.0","4.0","9.0","17.0","4.0","0.0","3.0","0.0","3.0","1.0","2.0","2.0",".",".",".","."
"01/01/2013","94.0","Emploi d’étranger sans titre de travail","0.0","0.0","0.0","0.0","0.0","0.0","1.0","0.0","0.0","0.0","1.0","0.0","2.0","0.0","0.0","0.0","0.0","0.0","0.0","0.0","0.0","0.0","0.0","0.0","0.0","1.0","0.0","0.0","1.0","4.0","1.0","0.0","0.0","0.0","1.0","0.0","0.0","0.0","0.0","0.0","0.0","0.0","0.0","0.0","0.0","1.0","0.0","0.0","0.0","0.0","0.0","0.0","0.0","0.0","0.0","0.0","0.0","0.0","0.0","0.0","0.0","0.0","0.0","0.0","0.0","0.0","0.0","0.0","0.0","0.0","0.0","1.0","0.0","0.0","0.0","1.0","0.0","12.0","0.0","0.0","0.0","0.0","0.0","3.0","1.0","0.0","0.0","0.0","0.0","0.0","0.0","3.0","0.0","0.0","0.0","15.0","2.0","0.0","2.0","0.0","0.0","1.0","0.0","0.0","0.0","1.0","0.0",".",".",".","."
"01/01/2013","95.0","Marchandage - prêt de main d’œuvre","0.0","0.0","0.0","0.0","0.0","0.0","0.0","0.0","0.0","0.0","1.0","0.0","0.0","0.0","0.0","0.0","0.0","0.0","0.0","0.0","0.0","0.0","0.0","0.0","0.0","0.0","0.0","0.0","1.0","0.0","0.0","0.0","0.0","0.0","0.0","0.0","0.0","0.0","0.0","0.0","0.0","0.0","0.0","0.0","0.0","0.0","0.0","0.0","0.0","0.0","0.0","1.0","0.0","0.0","0.0","0.0","0.0","1.0","0.0","0.0","0.0","0.0","0.0","0.0","0.0","0.0","0.0","0.0","0.0","0.0","0.0","0.0","0.0","0.0","0.0","1.0","0.0","0.0","0.0","0.0","0.0","0.0","0.0","0.0","0.0","0.0","0.0","0.0","0.0","0.0","0.0","0.0","0.0","0.0","0.0","0.0","0.0","0.0","0.0","0.0","0.0","0.0","0.0","0.0","0.0","0.0","0.0",".",".",".","."
"01/01/2013","98.0","Banqueroutes, abus de biens sociaux et autres délits de société","0.0","0.0","1.0","0.0","0.0","0.0","1.0","0.0","0.0","0.0","0.0","1.0","0.0","1.0","0.0","0.0","0.0","0.0","0.0","0.0","0.0","0.0","0.0","0.0","0.0","1.0","0.0","0.0","1.0","2.0","0.0","1.0","0.0","0.0","3.0","1.0","0.0","0.0","4.0","1.0","0.0","1.0","0.0","0.0","1.0","0.0","0.0","0.0","0.0","0.0","0.0","1.0","0.0","0.0","0.0","0.0","1.0","3.0","1.0","0.0","2.0","0.0","0.0","0.0","0.0","1.0","0.0","0.0","0.0","1.0","1.0","1.0","0.0","0.0","2.0","0.0","0.0","0.0","0.0","0.0","0.0","1.0","3.0","2.0","0.0","0.0","1.0","1.0","0.0","3.0","0.0","0.0","0.0","0.0","0.0","0.0","2.0","0.0","0.0","2.0","0.0","0.0","0.0","0.0","0.0","0.0","1.0",".",".",".","."
"01/01/2013","101.0","Prix illicites, publicité fausse et infractions aux règles de la concurrence","3.0","0.0","0.0","0.0","0.0","1.0","2.0","0.0","2.0","0.0","0.0","0.0","1.0","0.0","0.0","2.0","0.0","0.0","1.0","0.0","0.0","0.0","1.0","0.0","0.0","0.0","0.0","2.0","1.0","0.0","0.0","0.0","0.0","0.0","2.0","4.0","0.0","0.0","0.0","1.0","1.0","0.0","0.0","0.0","1.0","0.0","1.0","0.0","0.0","3.0","0.0","0.0","0.0","0.0","0.0","0.0","0.0","1.0","1.0","0.0","0.0","0.0","1.0","0.0","0.0","0.0","1.0","1.0","1.0","2.0","0.0","0.0","0.0","0.0","1.0","0.0","1.0","0.0","1.0","1.0","0.0","0.0","1.0","0.0","1.0","0.0","0.0","0.0","1.0","0.0","0.0","0.0","0.0","0.0","0.0","0.0","0.0","2.0","0.0","0.0","0.0","0.0","0.0","0.0","0.0","0.0","0.0",".",".",".","."
"01/01/2013","102.0","Achats et ventes sans factures","2.0","0.0","0.0","0.0","0.0","0.0","0.0","0.0","2.0","0.0","0.0","0.0","0.0","0.0","0.0","0.0","0.0","0.0","0.0","0.0","0.0","1.0","1.0","0.0","0.0","0.0","0.0","0.0","0.0","0.0","0.0","1.0","0.0","1.0","0.0","0.0","0.0","0.0","0.0","0.0","0.0","0.0","0.0","0.0","0.0","0.0","0.0","0.0","0.0","1.0","0.0","0.0","0.0","0.0","1.0","0.0","0.0","5.0","0.0","0.0","0.0","0.0","0.0","2.0","0.0","0.0","0.0","1.0","0.0","0.0","0.0","1.0","0.0","0.0","0.0","0.0","0.0","1.0","0.0","0.0","0.0","0.0","0.0","0.0","0.0","0.0","0.0","0.0","0.0","0.0","0.0","0.0","0.0","0.0","0.0","0.0","0.0","0.0","0.0","0.0","0.0","1.0","0.0","0.0","0.0","0.0","0.0",".",".",".","."
"01/01/2013","103.0","Infractions à l’exercice d’une profession réglementée","1.0","1.0","0.0","0.0","0.0","3.0","0.0","0.0","0.0","0.0","0.0","0.0","0.0","0.0","0.0","1.0","0.0","0.0","0.0","0.0","1.0","0.0","0.0","0.0","0.0","1.0","0.0","1.0","0.0","0.0","0.0","0.0","0.0","2.0","0.0","0.0","0.0","0.0","0.0","0.0","1.0","0.0","0.0","0.0","0.0","0.0","0.0","0.0","0.0","0.0","2.0","0.0","1.0","0.0","0.0","1.0","1.0","1.0","0.0","1.0","0.0","0.0","0.0","2.0","0.0","0.0","0.0","0.0","1.0","2.0","0.0","1.0","0.0","0.0","1.0","0.0","0.0","1.0","0.0","0.0","0.0","1.0","1.0","1.0","1.0","1.0","0.0","1.0","0.0","0.0","0.0","0.0","0.0","0.0","0.0","0.0","1.0","0.0","0.0","0.0","0.0","0.0","0.0","1.0","0.0","0.0","0.0",".",".",".","."
"01/01/2013","104.0","Infractions au droit de l’urbanisme et de la construction","1.0","0.0","1.0","3.0","1.0","11.0","1.0","0.0","2.0","0.0","2.0","1.0","4.0","0.0","0.0","1.0","2.0","2.0","0.0","1.0","0.0","0.0","3.0","0.0","1.0","2.0","0.0","12.0","2.0","2.0","6.0","2.0","0.0","3.0","4.0","2.0","0.0","0.0","1.0","1.0","1.0","1.0","1.0","1.0","4.0","1.0","0.0","0.0","2.0","3.0","0.0","1.0","0.0","1.0","2.0","0.0","1.0","4.0","1.0","3.0","5.0","1.0","0.0","0.0","0.0","1.0","2.0","6.0","4.0","4.0","1.0","0.0","0.0","0.0","8.0","0.0","0.0","2.0","1.0","0.0","0.0","1.0","1.0","16.0","7.0","1.0","0.0","0.0","2.0","0.0","0.0","0.0","0.0","0.0","0.0","5.0","4.0","1.0","1.0","6.0","0.0","1.0","0.0","2.0","0.0","1.0","0.0",".",".",".","."
"01/01/2013","105.0","Fraudes fiscales","1.0","0.0","0.0","0.0","0.0","0.0","0.0","0.0","0.0","0.0","1.0","0.0","0.0","0.0","0.0","0.0","0.0","0.0","0.0","0.0","0.0","0.0","0.0","1.0","1.0","1.0","0.0","0.0","0.0","0.0","0.0","0.0","0.0","0.0","0.0","0.0","0.0","1.0","1.0","0.0","0.0","0.0","0.0","0.0","1.0","0.0","0.0","0.0","0.0","0.0","0.0","0.0","0.0","0.0","0.0","0.0","0.0","0.0","0.0","0.0","0.0","0.0","0.0","2.0","0.0","0.0","0.0","1.0","0.0","1.0","1.0","0.0","0.0","0.0","0.0","0.0","0.0","0.0","0.0","0.0","0.0","1.0","0.0","0.0","0.0","0.0","0.0","0.0","0.0","0.0","0.0","0.0","0.0","0.0","0.0","0.0","1.0","0.0","3.0","1.0","0.0","0.0","0.0","0.0","0.0","0.0","0.0",".",".",".","."
"01/01/2013","106.0","Autres délits économiques et financiers","1.0","0.0","0.0","0.0","0.0","0.0","0.0","0.0","1.0","1.0","0.0","0.0","2.0","0.0","0.0","0.0","0.0","0.0","0.0","1.0","1.0","0.0","0.0","1.0","0.0","2.0","0.0","1.0","0.0","1.0","0.0","0.0","0.0","3.0","0.0","0.0","0.0","0.0","0.0","0.0","0.0","2.0","0.0","0.0","0.0","1.0","0.0","1.0","0.0","0.0","0.0","1.0","0.0","0.0","0.0","0.0","0.0","1.0","0.0","0.0","0.0","0.0","0.0","0.0","1.0","0.0","1.0","0.0","2.0","0.0","0.0","0.0","0.0","0.0","1.0","1.0","0.0","0.0","1.0","0.0","0.0","0.0","0.0","2.0","1.0","0.0","1.0","1.0","1.0","0.0","0.0","1.0","0.0","0.0","0.0","1.0","1.0","0.0","41.0","0.0","0.0","0.0","0.0","0.0","0.0","0.0","1.0",".",".",".","."
"01/01/2013","107.0","Autres délits","51.0","43.0","14.0","17.0","9.0","57.0","22.0","16.0","17.0","9.0","25.0","15.0","72.0","22.0","7.0","19.0","33.0","27.0","20.0","29.0","42.0","9.0","26.0","30.0","31.0","41.0","17.0","61.0","8.0","20.0","53.0","64.0","13.0","62.0","79.0","63.0","8.0","16.0","84.0","30.0","25.0","19.0","22.0","19.0","64.0","39.0","11.0","17.0","3.0","44.0","24.0","29.0","14.0","21.0","19.0","13.0","29.0","50.0","21.0","66.0","125.0","27.0","56.0","34.0","25.0","6.0","33.0","72.0","42.0","57.0","14.0","32.0","27.0","35.0","47.0","1.0","42.0","29.0","27.0","31.0","42.0","16.0","7.0","43.0","45.0","35.0","26.0","12.0","8.0","28.0","3.0","49.0","0.0","1.0","4.0","41.0","44.0","34.0","47.0","42.0","0.0","2.0","1.0","30.0","8.0","0.0","4.0",".",".",".","."
